code,brands,product_name,pnns_groups_2,nutriscore_score,nutriscore_grade,energy-kj_100g,sugars_100g,saturated-fat_100g,salt_100g,proteins_100g,fiber_100g,fruits-vegetables-nuts-estimate-from-ingredients_100g,url,image_url
7501030459620,Bimbo,Multigrano arandanos y sabor fresa,Biscuits and cakes,11.0,d,1940.0,29.4,4.41,0.411,5.88,5.88,15.0,http://world-fr.openfoodfacts.org/produit/7501030459620/multigrano-arandanos-y-sabor-fresa-bimbo,https://images.openfoodfacts.org/images/products/750/103/045/9620/front_es.5.400.jpg
3222476920348,Casino,Les gourmandises chocolat noir et fruits - Framboise et cranberries,Sweets,21.0,e,1958.0,60.0,13.0,0.02,3.3,4.6,23.0,http://world-fr.openfoodfacts.org/produit/3222476920348/les-gourmandises-chocolat-noir-et-fruits-framboise-et-cranberries-casino,https://images.openfoodfacts.org/images/products/322/247/692/0348/front_fr.4.400.jpg
4316268596466,"Clarkys, Netto MD",Tortilla Chips - Salted,One-dish meals,1.0,b,1979.0,0.8,2.0,0.9,6.6,4.0,0.0,http://world-fr.openfoodfacts.org/produit/4316268596466/tortilla-chips-salted-clarkys,https://images.openfoodfacts.org/images/products/431/626/859/6466/front_de.8.400.jpg
5941768000183,Sweet & Safe,Stevia chocolate,Chocolate products,14.0,d,1741.1,14.4,20.2,0.3,11.3,10.2,0.0,http://world-fr.openfoodfacts.org/produit/5941768000183/stevia-chocolate-sweet-safe,https://images.openfoodfacts.org/images/products/594/176/800/0183/front_en.27.400.jpg
8005190401455,Maina,Il Pandoro,Pastries,19.0,e,1695.0,18.0,12.0,0.65,8.4,1.6,0.0,http://world-fr.openfoodfacts.org/produit/8005190401455/il-pandoro-maina,https://images.openfoodfacts.org/images/products/800/519/040/1455/front_fr.22.400.jpg
9310988009294,Thins,Light & Tangy,Appetizers,21.0,e,2080.0,4.0,14.3,1.76022,6.1,2.6,0.0,http://world-fr.openfoodfacts.org/produit/9310988009294/light-tangy-thins,https://images.openfoodfacts.org/images/products/931/098/800/9294/front_en.13.400.jpg
7614800265229,Kambly,ECLATS DE NOISETTES - KAMBLY - 100g,Biscuits and cakes,27.0,e,2348.0,45.0,22.0,0.26,9.1,0.0,11.0,http://world-fr.openfoodfacts.org/produit/7614800265229/eclats-de-noisettes-kambly-100g,https://images.openfoodfacts.org/images/products/761/480/026/5229/front_fr.2580.400.jpg
3560070510108,"Carrefour Bio, Carrefour",Biscuits Petit d√©jeuner C√©r√©ales P√©pites de Chocolat et Noisettes,Biscuits and cakes,10.0,c,2061.0,27.0,3.9,0.3,7.6,5.0,22.4333333333333,http://world-fr.openfoodfacts.org/produit/3560070510108/biscuits-petit-dejeuner-cereales-pepites-de-chocolat-et-noisettes-carrefour-bio,https://images.openfoodfacts.org/images/products/356/007/051/0108/front_fr.47.400.jpg
4007993016922,Oreo,Oreo,Ice cream,21.0,e,1409.0,28.1,13.8,0.3,2.7,0.7,0.0,http://world-fr.openfoodfacts.org/produit/4007993016922/oreo,https://images.openfoodfacts.org/images/products/400/799/301/6922/front_fr.7.400.jpg
3339740012309,BPA,P√¢t√© abricots individuel 160g,Biscuits and cakes,13.0,d,1117.0,23.0,5.8,0.5,3.9,1.8,42.3333333333333,http://world-fr.openfoodfacts.org/produit/3339740012309/pate-abricots-individuel-160g-bpa,https://images.openfoodfacts.org/images/products/333/974/001/2309/front_fr.13.400.jpg
8437007383270,daveiga,Galletas Mari√±eiras Lino,Appetizers,7.0,c,1833.0,2.3,1.7,1.4,12.0,4.9,9.0,http://world-fr.openfoodfacts.org/produit/8437007383270/galletas-marineiras-lino-daveiga,https://images.openfoodfacts.org/images/products/843/700/738/3270/front_es.13.400.jpg
3336971410027,"Vico,Intersnack",La Vicoise,Appetizers,2.0,b,2001.0,0.64,2.4,0.89,6.2,5.4,4.66666666666666,http://world-fr.openfoodfacts.org/produit/3336971410027/la-vicoise-vico,https://images.openfoodfacts.org/images/products/333/697/141/0027/front_fr.94.400.jpg
8431876242492,Carrefour,Galletas mini mar√≠a,Biscuits and cakes,10.0,c,1815.0,19.0,0.9,0.85,7.5,2.5,0.0,http://world-fr.openfoodfacts.org/produit/8431876242492/galletas-mini-maria-carrefour,https://images.openfoodfacts.org/images/products/843/187/624/2492/front_es.20.400.jpg
8431876278613,Carrefour,Barquillos rellenos crema almendra,Biscuits and cakes,20.0,e,2011.0,50.0,5.8,0.27,5.1,2.5,6.0,http://world-fr.openfoodfacts.org/produit/8431876278613/barquillos-rellenos-crema-almendra-carrefour,https://images.openfoodfacts.org/images/products/843/187/627/8613/front_es.22.400.jpg
3560070996131,Carrefour,Biscuith√©,Biscuits and cakes,16.0,d,1927.0,26.0,6.5,0.7,7.4,3.0,0.0,http://world-fr.openfoodfacts.org/produit/3560070996131/biscuithe-carrefour,https://images.openfoodfacts.org/images/products/356/007/099/6131/front_fr.34.400.jpg
3596710333844,Auchan,Madeleines longues,Biscuits and cakes,15.0,d,1969.0,28.0,2.2,0.61,5.0,0.5,21.3333333333333,http://world-fr.openfoodfacts.org/produit/3596710333844/madeleines-longues-auchan,https://images.openfoodfacts.org/images/products/359/671/033/3844/front_fr.37.400.jpg
7622201804305,"Terrabusi,Mondelez",Variedad,Biscuits and cakes,4.0,c,576.0,10.0,2.2,0.06,1.8,0.5,0.0,http://world-fr.openfoodfacts.org/produit/7622201804305/variedad-terrabusi,https://images.openfoodfacts.org/images/products/762/220/180/4305/front_es.24.400.jpg
8480000125330,Hacendado,Choco fundir con leche,Chocolate products,23.0,e,2215.0,52.0,19.0,0.1,8.3,3.6,0.0,http://world-fr.openfoodfacts.org/produit/8480000125330/choco-fundir-con-leche-hacendado,https://images.openfoodfacts.org/images/products/848/000/012/5330/front_es.15.400.jpg
3178530413199,St Michel,Doonuts Napp√© Chocolat France,Biscuits and cakes,15.0,d,1861.0,31.0,4.4,0.39,5.6,1.0,22.0,http://world-fr.openfoodfacts.org/produit/3178530413199/doonuts-nappe-chocolat-france-st-michel,https://images.openfoodfacts.org/images/products/317/853/041/3199/front_fr.69.400.jpg
4316268631914,Clarkys,Light Riffelchips gesalzen,One-dish meals,8.0,c,2022.0,0.5,1.8,1.5,7.0,5.0,0.0,http://world-fr.openfoodfacts.org/produit/4316268631914/light-riffelchips-gesalzen-clarkys,https://images.openfoodfacts.org/images/products/431/626/863/1914/front_de.3.400.jpg
4316268635660,Clarkys,Scharfe Knabber-N√ºsse mit Chili,Nuts,1.0,b,2514.0,4.4,7.0,0.7,26.0,9.4,95.2,http://world-fr.openfoodfacts.org/produit/4316268635660/scharfe-knabber-nusse-mit-chili-clarkys,https://images.openfoodfacts.org/images/products/431/626/863/5660/front_de.3.400.jpg
3770009601368,Matatie,Moelleux p√©pites chocolat Bio sans allerg√®nes,Biscuits and cakes,2.0,b,497.0,8.0,1.3,0.14,0.8,1.2,0.0,http://world-fr.openfoodfacts.org/produit/3770009601368/moelleux-pepites-chocolat-bio-sans-allergenes-matatie,https://images.openfoodfacts.org/images/products/377/000/960/1368/front_fr.25.400.jpg
8410376033649,Gull√≥n,Gullon Maria Doroda,Biscuits and cakes,0.0,b,1771.0,1.5,1.4,0.85,7.3,5.3,0.0,http://world-fr.openfoodfacts.org/produit/8410376033649/gullon-maria-doroda,https://images.openfoodfacts.org/images/products/841/037/603/3649/front_fr.31.400.jpg
3250391371952,Netto,Petit Beurre Complet / Riche en fibres / au bl√© complet,Biscuits and cakes,16.0,d,1878.0,16.7,9.4,1.11,9.1,6.7,0.0,http://world-fr.openfoodfacts.org/produit/3250391371952/petit-beurre-complet-riche-en-fibres-au-ble-complet-netto,https://images.openfoodfacts.org/images/products/325/039/137/1952/front_fr.9.400.jpg
3560070936106,"Simpl,Carrefour",Biscuit tablette,Biscuits and cakes,23.0,e,2057.0,34.0,12.0,0.49,6.6,2.6,0.0,http://world-fr.openfoodfacts.org/produit/3560070936106/biscuit-tablette-simpl,https://images.openfoodfacts.org/images/products/356/007/093/6106/front_fr.50.400.jpg
3564700582701,"√âpi d'Or,Marque Rep√®re, Epid'or",Petits pains grill√©s bl√© complet sans sucres ajout√©s,Bread,0.0,b,1644.0,2.8,0.6,1.4,12.0,6.3,7.2,http://world-fr.openfoodfacts.org/produit/3564700582701/petits-pains-grilles-ble-complet-sans-sucres-ajoutes-epi-d-or,https://images.openfoodfacts.org/images/products/356/470/058/2701/front_fr.50.400.jpg
4008355032611,Wicklein,Gl√ºckstaler Klassik - mit extra viel Butter,Biscuits and cakes,20.0,e,2185.0,24.7,18.3,0.25,6.9,2.5,0.0,http://world-fr.openfoodfacts.org/produit/4008355032611/gluckstaler-klassik-mit-extra-viel-butter-wicklein,https://images.openfoodfacts.org/images/products/400/835/503/2611/front_de.6.400.jpg
3596710486984,Vendome,Les chocolats belges,Sweets,23.0,e,2171.0,48.0,17.0,0.16,6.2,3.6,3.3205047249794,http://world-fr.openfoodfacts.org/produit/3596710486984/les-chocolats-belges-vendome,https://images.openfoodfacts.org/images/products/359/671/048/6984/front_fr.21.400.jpg
7613331643094,coop,Crackers pomme √©peautre,Appetizers,9.0,c,1760.0,19.0,1.2,1.0,12.0,6.0,28.5,http://world-fr.openfoodfacts.org/produit/7613331643094/crackers-pomme-epeautre-coop,https://images.openfoodfacts.org/images/products/761/333/164/3094/front_fr.19.400.jpg
7891962036915,Bauducco,Wafer Chocolate con Avellana,Biscuits and cakes,6.0,c,626.0,13.0,3.6,0.15,1.6,0.9,3.125,http://world-fr.openfoodfacts.org/produit/7891962036915/wafer-chocolate-con-avellana-bauducco,
4058400023088,Biscuiterie Charlotte,Marmor Butter Sterne,Biscuits and cakes,22.0,e,1939.0,28.5,15.0,0.85,6.8,2.0,0.0,http://world-fr.openfoodfacts.org/produit/4058400023088/marmor-butter-sterne-biscuiterie-charlotte,https://images.openfoodfacts.org/images/products/405/840/002/3088/front_de.4.400.jpg
7614800484040,Kambly,Orange intense 100g,Biscuits and cakes,23.0,e,2263.0,42.0,18.0,0.26,6.7,3.2,11.5,http://world-fr.openfoodfacts.org/produit/7614800484040/orange-intense-100g-kambly,https://images.openfoodfacts.org/images/products/761/480/048/4040/front_fr.63.400.jpg
4056114005130,Sommer,Dinkelsticks Ger√∂steter Sesam,Biscuits and cakes,-1.0,a,1685.0,2.1,0.9,0.95,12.0,6.5,0.0,http://world-fr.openfoodfacts.org/produit/4056114005130/dinkelsticks-gerosteter-sesam-sommer,https://images.openfoodfacts.org/images/products/405/611/400/5130/front_de.6.400.jpg
8421691791534,Alipende,Palmeritas,Biscuits and cakes,24.0,e,2084.0,32.0,13.0,0.762,5.0,2.0,0.0,http://world-fr.openfoodfacts.org/produit/8421691791534/palmeritas-alipende,https://images.openfoodfacts.org/images/products/842/169/179/1534/front_es.5.400.jpg
3168930008620,Lay's,Saveur Ch'ti sauce Pom'Frites,Appetizers,9.0,c,2204.0,1.8,2.7,1.3,6.1,4.2,10.25,http://world-fr.openfoodfacts.org/produit/3168930008620/saveur-ch-ti-sauce-pom-frites-lay-s,https://images.openfoodfacts.org/images/products/316/893/000/8620/front_fr.23.400.jpg
8480000111715,Hacendado,"Caf√© molido, natural sabor fuerte",Sweets,-3.0,a,1299.0,1.3,4.2,0.02,17.0,50.0,0.0,http://world-fr.openfoodfacts.org/produit/8480000111715/cafe-molido-natural-sabor-fuerte-hacendado,https://images.openfoodfacts.org/images/products/848/000/011/1715/front_es.33.400.jpg
3325710007208,Sans marque,"4 Feuillet√©s Jambon Fromage, Surgel√©s",One-dish meals,12.0,d,296.0,3.4,9.2,1.2,6.4,2.3,0.0,http://world-fr.openfoodfacts.org/produit/3325710007208/4-feuilletes-jambon-fromage-surgeles-sans-marque,https://images.openfoodfacts.org/images/products/332/571/000/7208/front_fr.6.400.jpg
640522149100,The Rawlicious Food Company,"Cookies Noix de Coco, Dattes et Noix de Cajou",Biscuits and cakes,8.0,c,2450.0,23.4,33.2,0.32,9.7,9.4,96.0,http://world-fr.openfoodfacts.org/produit/0640522149100/cookies-noix-de-coco-dattes-et-noix-de-cajou-the-rawlicious-food-company,https://images.openfoodfacts.org/images/products/064/052/214/9100/front_fr.6.400.jpg
7622201098483,Milka,Bubbly Alpine Milk,Chocolate products,26.0,e,2230.0,57.0,18.0,0.36,6.3,1.9,0.0,http://world-fr.openfoodfacts.org/produit/7622201098483/bubbly-alpine-milk-milka,https://images.openfoodfacts.org/images/products/762/220/109/8483/front_fr.3.400.jpg
3083681034974,Bonduelle,Coleslaw Sauce Douce,One-dish meals,-2.0,a,559.0,5.0,0.9,0.9,1.0,2.0,86.5446555397727,http://world-fr.openfoodfacts.org/produit/3083681034974/coleslaw-sauce-douce-bonduelle,https://images.openfoodfacts.org/images/products/308/368/103/4974/front_fr.34.400.jpg
3560070778546,Carrefour,Amandes gout fum√©,Nuts,2.0,b,2536.0,4.6,4.3,1.2,19.0,6.5,95.0,http://world-fr.openfoodfacts.org/produit/3560070778546/amandes-gout-fume-carrefour,https://images.openfoodfacts.org/images/products/356/007/077/8546/front_fr.26.400.jpg
8809059294253,Ho San,Roasted Seaweed Snack,unknown,-4.0,a,1254.0,0.0,0.0,0.23,50.0,1.0,62.5,http://world-fr.openfoodfacts.org/produit/8809059294253/roasted-seaweed-snack-ho-san,https://images.openfoodfacts.org/images/products/880/905/929/4253/front_fr.17.400.jpg
7613312015490,Migros,Chips Sour Cream & Onion,Appetizers,11.0,d,2209.0,2.5,2.5,1.4,4.0,3.5,0.0225360576923066,http://world-fr.openfoodfacts.org/produit/7613312015490/chips-sour-cream-onion-migros,https://images.openfoodfacts.org/images/products/761/331/201/5490/front_fr.12.400.jpg
8480000651433,Hacendado,Caramelos jengibre & pr√≥polis 0% az√∫cares,Sweets,-3.0,a,995.0,0.0,0.2,0.0,0.0,96.0,0.0,http://world-fr.openfoodfacts.org/produit/8480000651433/caramelos-jengibre-propolis-0-azucares-hacendado,https://images.openfoodfacts.org/images/products/848/000/065/1433/front_es.15.400.jpg
5310005002899,vitaminka,Atlantis Original,Sweets,27.0,e,2374.0,45.0,16.0,0.49,8.0,1.0,12.0,http://world-fr.openfoodfacts.org/produit/5310005002899/atlantis-original-vitaminka,https://images.openfoodfacts.org/images/products/531/000/500/2899/front_en.19.400.jpg
4260718292968,Koro,Snack-Erbsen ungarische Paprika,Vegetables,-2.0,a,1702.0,7.9,1.0,1.0,14.0,8.7,62.0,http://world-fr.openfoodfacts.org/produit/4260718292968/snack-erbsen-ungarische-paprika-koro,https://images.openfoodfacts.org/images/products/426/071/829/2968/front_fr.3.400.jpg
7640101691078,"Bischofberger,Zweifel",,Biscuits and cakes,8.0,c,1670.0,37.0,1.0,0.01,9.0,4.0,8.52272727272727,http://world-fr.openfoodfacts.org/produit/7640101691078/bischofberger,https://images.openfoodfacts.org/images/products/764/010/169/1078/front_fr.3.400.jpg
8003170042803,Conad,Cracker con riso soffiato,Appetizers,9.0,c,1779.0,2.2,0.9,1.5,10.0,2.5,0.0,http://world-fr.openfoodfacts.org/produit/8003170042803/cracker-con-riso-soffiato-conad,https://images.openfoodfacts.org/images/products/800/317/004/2803/front_fr.8.400.jpg
9310179169547,Golden Circle,Strawberry squeeze,Fruits,-3.0,a,265.0,13.7,0.1,0.0,0.5,1.8,99.9,http://world-fr.openfoodfacts.org/produit/9310179169547/strawberry-squeeze-golden-circle,https://images.openfoodfacts.org/images/products/931/017/916/9547/front_en.12.400.jpg
8423102210153,Anitin,Snack de Pan con pipas,Bread,15.0,d,2177.0,1.3,2.8,2.3,11.4,3.4,0.0,http://world-fr.openfoodfacts.org/produit/8423102210153/snack-de-pan-con-pipas-anitin,https://images.openfoodfacts.org/images/products/842/310/221/0153/front_en.39.400.jpg
3222473260546,"Casino D√©lices, Casino, D√©lices",Petits Plaisirs saveur Cappuccino au chocolat noir suisse,Biscuits and cakes,24.0,e,2189.0,49.0,18.0,0.28,7.3,3.3,3.125,http://world-fr.openfoodfacts.org/produit/3222473260546/petits-plaisirs-saveur-cappuccino-au-chocolat-noir-suisse-casino-delices,https://images.openfoodfacts.org/images/products/322/247/326/0546/front_fr.16.400.jpg
8710624347789,Gwoon,Suikervrije softgums,Sweets,2.0,b,917.0,0.3,0.0,0.12,0.4,0.0,0.0,http://world-fr.openfoodfacts.org/produit/8710624347789/suikervrije-softgums-gwoon,https://images.openfoodfacts.org/images/products/871/062/434/7789/front_nl.3.400.jpg
3775000099954,So'Nigiri,Wok - L√©gumes japonais et lait de coco,Appetizers,2.0,b,614.0,7.3,0.8,0.53,2.8,1.4,16.1666666666667,http://world-fr.openfoodfacts.org/produit/3775000099954/wok-legumes-japonais-et-lait-de-coco-so-nigiri,https://images.openfoodfacts.org/images/products/377/500/009/9954/front_fr.17.400.jpg
3083681010923,Bonduelle,Coleslaw √† la moutarde √† l'ancienne,One-dish meals,-3.0,a,518.0,5.5,0.8,0.6,1.0,2.5,81.2505722045898,http://world-fr.openfoodfacts.org/produit/3083681010923/coleslaw-a-la-moutarde-a-l-ancienne-bonduelle,https://images.openfoodfacts.org/images/products/308/368/101/0923/front_fr.19.400.jpg
4010355476678,"dmBio,dm Bio",Dinkel Frischei Waffeln,unknown,17.0,d,2085.0,35.0,3.0,0.78,8.8,1.8,0.0,http://world-fr.openfoodfacts.org/produit/4010355476678/dinkel-frischei-waffeln-dmbio,https://images.openfoodfacts.org/images/products/401/035/547/6678/front_de.82.400.jpg
5410041182903,"REM,LU, Mondelez",D√©jeuner REM,Biscuits and cakes,13.0,d,1662.0,18.0,3.6,1.3,7.6,2.3,0.0,http://world-fr.openfoodfacts.org/produit/5410041182903/dejeuner-rem,https://images.openfoodfacts.org/images/products/541/004/118/2903/front_fr.43.400.jpg
3596710459155,Auchan,Cream'loop enrob√©s de chocolat blanc,Biscuits and cakes,26.0,e,2228.0,48.0,17.0,0.5,5.0,2.0,0.0,http://world-fr.openfoodfacts.org/produit/3596710459155/cream-loop-enrobes-de-chocolat-blanc-auchan,https://images.openfoodfacts.org/images/products/359/671/045/9155/front_fr.22.400.jpg
7067104216914,Knusperone,"Date, hazelnut & cocoa bars",Chocolate products,9.0,c,1831.0,39.0,2.5,0.02,9.8,12.0,57.0,http://world-fr.openfoodfacts.org/produit/7067104216914/date-hazelnut-cocoa-bars-knusperone,https://images.openfoodfacts.org/images/products/706/710/421/6914/front_de.3.400.jpg
4311501495841,"Gut & G√ºnstig,Edeka",Haselnuss Riegel,Biscuits and cakes,-4.0,a,1529.0,1.2,1.2,0.3,8.1,5.3,10.4,http://world-fr.openfoodfacts.org/produit/4311501495841/haselnuss-riegel-gut-gunstig,https://images.openfoodfacts.org/images/products/431/150/149/5841/front_de.30.400.jpg
3760121212870,Biocoop,Tartine craquante sarrasin riz ma√Øs,unknown,-3.0,a,1554.0,1.5,0.6,0.6,11.3,4.7,0.0,http://world-fr.openfoodfacts.org/produit/3760121212870/tartine-craquante-sarrasin-riz-mais-biocoop,https://images.openfoodfacts.org/images/products/376/012/121/2870/front_fr.54.400.jpg
4018077712746,Lorenz,Naturals Meersalz & Pfeffer,One-dish meals,13.0,d,2189.0,2.1,2.4,2.0,5.9,3.4,0.0,http://world-fr.openfoodfacts.org/produit/4018077712746/naturals-meersalz-pfeffer-lorenz,https://images.openfoodfacts.org/images/products/401/807/771/2746/front_de.19.400.jpg
4006182005105,Sommer,Dinkel Schoko-Split mit Zartbitterschokolade,Biscuits and cakes,17.0,d,1911.0,25.0,14.0,0.13,7.1,3.4,0.0,http://world-fr.openfoodfacts.org/produit/4006182005105/dinkel-schoko-split-mit-zartbitterschokolade-sommer,https://images.openfoodfacts.org/images/products/400/618/200/5105/front_de.36.400.jpg
3564707083577,"Bio Village,Marque Rep√®re",Biscuits p√©pites de chocolat quinoa,Biscuits and cakes,18.0,d,1803.0,20.0,8.7,0.8,7.8,2.7,0.0,http://world-fr.openfoodfacts.org/produit/3564707083577/biscuits-pepites-de-chocolat-quinoa-bio-village,https://images.openfoodfacts.org/images/products/356/470/708/3577/front_fr.65.400.jpg
8480000335203,Hacendado,Tri√°ngulos de ma√≠z,Appetizers,10.0,c,2073.0,5.5,2.5,1.016,6.9,3.4,0.0,http://world-fr.openfoodfacts.org/produit/8480000335203/triangulos-de-maiz-hacendado,https://images.openfoodfacts.org/images/products/848/000/033/5203/front_es.5.400.jpg
5060283760126,Proper Corn,Proper Corn - Sweet Coconut & Vanilla,unknown,6.0,c,2033.0,15.1,1.9,0.23,6.0,7.7,22.5694444444444,http://world-fr.openfoodfacts.org/produit/5060283760126/proper-corn-sweet-coconut-vanilla,https://images.openfoodfacts.org/images/products/506/028/376/0126/front_fr.3.400.jpg
7622210484390,LU,Lulu La Barquette Fraise,Biscuits and cakes,13.0,d,1487.0,58.0,0.6,0.09,3.8,1.7,27.8,http://world-fr.openfoodfacts.org/produit/7622210484390/lulu-la-barquette-fraise-lu,https://images.openfoodfacts.org/images/products/762/221/048/4390/front_fr.4.400.jpg
3560070302109,Carrefour,Mac√©doine de l√©gumes,Vegetables,-3.0,a,159.0,1.1,0.1,0.7,2.1,3.4,96.875,http://world-fr.openfoodfacts.org/produit/3560070302109/macedoine-de-legumes-carrefour,https://images.openfoodfacts.org/images/products/356/007/030/2109/front_fr.41.400.jpg
3222472819363,Casino,Noir dessert cors√© 64% de cacao,Chocolate products,18.0,d,2187.0,36.0,22.0,0.02,9.1,10.0,0.0,http://world-fr.openfoodfacts.org/produit/3222472819363/noir-dessert-corse-64-de-cacao-casino,https://images.openfoodfacts.org/images/products/322/247/281/9363/front_fr.25.400.jpg
5054781307884,Asda,Apple crumble,Biscuits and cakes,10.0,c,1010.0,21.0,4.2,0.01,2.4,1.6,35.0,http://world-fr.openfoodfacts.org/produit/5054781307884/apple-crumble-asda,https://images.openfoodfacts.org/images/products/505/478/130/7884/front_en.4.400.jpg
7501011114579,Sabritas,Cheetos torciditos,Appetizers,13.0,d,2260.0,3.33,5.0,1.35,6.67,3.33,0.0,http://world-fr.openfoodfacts.org/produit/7501011114579/cheetos-torciditos-sabritas,https://images.openfoodfacts.org/images/products/750/101/111/4579/front_es.7.400.jpg
5902172001944,Kupiec,Wafle ry≈ºowe wieloziarniste,Cereals,0.0,b,1615.0,1.2,0.7,0.98,8.1,3.5,0.0,http://world-fr.openfoodfacts.org/produit/5902172001944/wafle-ry%C5%BCowe-wieloziarniste-kupiec,https://images.openfoodfacts.org/images/products/590/217/200/1944/front_fr.10.400.jpg
5013803001278,Eat Natural,Prosport - barre cacahu√®tes ü•úet caramel sal√©,Biscuits and cakes,-4.0,a,931.0,8.9,2.3,0.2,11.7,2.4,66.0,http://world-fr.openfoodfacts.org/produit/5013803001278/prosport-barre-cacahuetes-%F0%9F%A5%9Cet-caramel-sale-eat-natural,https://images.openfoodfacts.org/images/products/501/380/300/1278/front_fr.38.400.jpg
7616500175716,Frey,,Sweets,23.0,e,2260.0,46.0,18.0,0.09,6.0,3.0,0.0,http://world-fr.openfoodfacts.org/produit/7616500175716/frey,https://images.openfoodfacts.org/images/products/761/650/017/5716/front_fr.9.400.jpg
04122102,Auchan,Funny Ghost,Appetizers,2.0,b,405.0,1.2,0.6,0.36,0.9,0.5,0.0,http://world-fr.openfoodfacts.org/produit/04122102/funny-ghost-auchan,https://images.openfoodfacts.org/images/products/04122102/front_fr.4.400.jpg
7613039079126,"Nestl√©, Kitkat","KITKAT White barre au chocolat blanc, 8x41.5g",Biscuits and cakes,27.0,e,2154.0,48.8,14.5,0.3,8.3,0.7,0.0,http://world-fr.openfoodfacts.org/produit/7613039079126/kitkat-white-barre-au-chocolat-blanc-8x41-5g-nestle,https://images.openfoodfacts.org/images/products/761/303/907/9126/front_fr.39.400.jpg
4038507003398,Govinda,Mandel Magic,Sweets,2.0,b,1368.0,52.4,0.7,0.01,3.8,10.4,92.5,http://world-fr.openfoodfacts.org/produit/4038507003398/mandel-magic-govinda,https://images.openfoodfacts.org/images/products/403/850/700/3398/front_de.7.400.jpg
3083681062267,Bonduelle,Galettes Potiron Butternut Carottes,One-dish meals,-2.0,a,395.0,4.3,1.3,0.7,3.4,3.0,82.1102083333333,http://world-fr.openfoodfacts.org/produit/3083681062267/galettes-potiron-butternut-carottes-bonduelle,https://images.openfoodfacts.org/images/products/308/368/106/2267/front_fr.54.400.jpg
4337185833038,K-Classic,Knusprige Salz Tortilla Chips,One-dish meals,6.0,c,2013.0,0.6,2.1,0.9,7.8,6.0,0.0,http://world-fr.openfoodfacts.org/produit/4337185833038/knusprige-salz-tortilla-chips-k-classic,https://images.openfoodfacts.org/images/products/433/718/583/3038/front_de.3.400.jpg
3250392793012,Planteur des tropiques,Chocolat,Chocolate products,1.0,b,210.0,4.9,1.1,0.08,1.5,1.0,0.0,http://world-fr.openfoodfacts.org/produit/3250392793012/chocolat-planteur-des-tropiques,https://images.openfoodfacts.org/images/products/325/039/279/3012/front_fr.13.400.jpg
3595890269011,Valda,Gomme go√ªt menthe eucalyptus,Sweets,-3.0,a,814.0,0.0,0.2,0.0,0.0,44.7,0.045,http://world-fr.openfoodfacts.org/produit/3595890269011/gomme-gout-menthe-eucalyptus-valda,https://images.openfoodfacts.org/images/products/359/589/026/9011/front_fr.3.400.jpg
3256225722181,U,Tartines craquantes au bl√© complet,unknown,-2.0,a,1598.0,3.1,1.1,0.75,12.0,7.4,0.0,http://world-fr.openfoodfacts.org/produit/3256225722181/tartines-craquantes-au-ble-complet-u,https://images.openfoodfacts.org/images/products/325/622/572/2181/front_fr.60.400.jpg
8690624104639,Lay's,Yoƒüurt ve Mevsim Ye≈üillikli Patates Cipsi,Appetizers,11.0,d,2241.0,2.9,4.8,1.3,6.2,3.8,0.0,http://world-fr.openfoodfacts.org/produit/8690624104639/yo%C4%9Furt-ve-mevsim-ye%C5%9Fillikli-patates-cipsi-lay-s,https://images.openfoodfacts.org/images/products/869/062/410/4639/front_tr.7.400.jpg
3760020508012,"JARDIN BIO ETIC,Jardin bio",Tartines craquantes Sarrasin,unknown,-3.0,a,1532.0,1.0,0.7,0.57,11.0,4.5,0.0,http://world-fr.openfoodfacts.org/produit/3760020508012/tartines-craquantes-sarrasin-jardin-bio-etic,https://images.openfoodfacts.org/images/products/376/002/050/8012/front_fr.184.400.jpg
7610849454631,Coop,Qualit√© & Prix Chocolate au lait suisse,Chocolate products,25.0,e,2230.0,57.0,18.0,0.275,6.0,2.0,0.0,http://world-fr.openfoodfacts.org/produit/7610849454631/qualite-prix-chocolate-au-lait-suisse-coop,https://images.openfoodfacts.org/images/products/761/084/945/4631/front_fr.9.400.jpg
3513851557823,Regent's Park,Crumpets nature,unknown,3.0,c,818.0,4.0,0.1,1.5,6.0,2.6,0.0,http://world-fr.openfoodfacts.org/produit/3513851557823/crumpets-nature-regent-s-park,https://images.openfoodfacts.org/images/products/351/385/155/7823/front_fr.53.400.jpg
3700311810646,Tous les jours,Chocolat noir tablette,Chocolate products,21.0,e,2152.0,46.0,17.0,0.03,7.5,8.8,0.0,http://world-fr.openfoodfacts.org/produit/3700311810646/chocolat-noir-tablette-tous-les-jours,https://images.openfoodfacts.org/images/products/370/031/181/0646/front_fr.8.400.jpg
3513851559162,Regent's Park,4 muffins citron & pavot,Bread,-2.0,a,962.0,9.2,0.3,0.9,9.7,4.0,2.308828125,http://world-fr.openfoodfacts.org/produit/3513851559162/4-muffins-citron-pavot-regent-s-park,https://images.openfoodfacts.org/images/products/351/385/155/9162/front_fr.5.400.jpg
4044889004106,Vivani,Chocolat noir 100+,Chocolate products,18.0,d,2741.0,0.0,40.0,0.01,8.7,0.0,0.0,http://world-fr.openfoodfacts.org/produit/4044889004106/chocolat-noir-100-vivani,https://images.openfoodfacts.org/images/products/404/488/900/4106/front_fr.25.400.jpg
3279840002155,Brioches Fonteneau,Pain au lait pur beurre,Pastries,16.0,d,1499.0,15.0,7.9,1.1,8.8,2.8,1.7775,http://world-fr.openfoodfacts.org/produit/3279840002155/pain-au-lait-pur-beurre-brioches-fonteneau,https://images.openfoodfacts.org/images/products/327/984/000/2155/front_fr.47.400.jpg
7616500913806,FREY,Noir Special 72 Chocolat extra noir,Chocolate products,17.0,d,2450.0,27.0,28.0,0.025,8.0,11.0,0.0,http://world-fr.openfoodfacts.org/produit/7616500913806/noir-special-72-chocolat-extra-noir-frey,https://images.openfoodfacts.org/images/products/761/650/091/3806/front_fr.8.400.jpg
3336971806868,Vico,La Gourmande 30g,Appetizers,10.0,c,2172.0,2.9,3.1,1.2,6.8,4.4,0.0,http://world-fr.openfoodfacts.org/produit/3336971806868/la-gourmande-30g-vico,https://images.openfoodfacts.org/images/products/333/697/180/6868/front_fr.15.400.jpg
8480000141606,Hacendado,Crocantes chocolate,Biscuits and cakes,24.0,e,2111.0,41.0,14.0,0.68,5.1,4.0,0.0,http://world-fr.openfoodfacts.org/produit/8480000141606/crocantes-chocolate-hacendado,
8718907601603,Albert Heijn,Witte choco framboos vlaai,Biscuits and cakes,18.0,d,1355.0,21.0,15.0,0.18,2.72,0.2,3.00772804054054,http://world-fr.openfoodfacts.org/produit/8718907601603/witte-choco-framboos-vlaai-albert-heijn,https://images.openfoodfacts.org/images/products/871/890/760/1603/front_nl.5.400.jpg
4002590703947,Pulmoll,Pastilles Eucalyptus Menthol sans sucre,Sweets,2.0,b,980.0,0.5,0.0,0.0,0.0,0.0,0.0,http://world-fr.openfoodfacts.org/produit/4002590703947/pastilles-eucalyptus-menthol-sans-sucre-pulmoll,https://images.openfoodfacts.org/images/products/400/259/070/3947/front_fr.31.400.jpg
5010043000917,Soreen,Malt loaf,Biscuits and cakes,-1.0,a,1321.0,20.7,0.8,0.5,9.5,4.8,14.1625,http://world-fr.openfoodfacts.org/produit/5010043000917/malt-loaf-soreen,https://images.openfoodfacts.org/images/products/501/004/300/0917/front_en.31.400.jpg
3350033225572,Monoprix,Assortiment de recettes libanaises avec sauce s√©same,unknown,0.0,b,990.0,2.2,2.8,1.3,8.0,4.9,27.37578125,http://world-fr.openfoodfacts.org/produit/3350033225572/assortiment-de-recettes-libanaises-avec-sauce-sesame-monoprix,https://images.openfoodfacts.org/images/products/335/003/322/5572/front_fr.18.400.jpg
5060490400037,"Made in Natural,Love Corn",Love Corn ma√Øs grill√© au sel de mer,unknown,7.0,c,1828.0,0.7,1.3,1.5,7.4,7.0,0.0,http://world-fr.openfoodfacts.org/produit/5060490400037/love-corn-mais-grille-au-sel-de-mer-made-in-natural,
8886467103421,Pringles,Pringles Sour Cream and Onion,Appetizers,20.0,e,2170.0,2.2,13.2,1.7653,5.3,3.3,0.0,http://world-fr.openfoodfacts.org/produit/8886467103421/pringles-sour-cream-and-onion,https://images.openfoodfacts.org/images/products/888/646/710/3421/front_en.7.400.jpg
3596710340392,Auchan,Coleslaw,One-dish meals,1.0,b,457.0,5.5,0.6,0.8,1.0,2.0,76.0,http://world-fr.openfoodfacts.org/produit/3596710340392/coleslaw-auchan,https://images.openfoodfacts.org/images/products/359/671/034/0392/front_fr.30.400.jpg
7616700185638,"Migros,Jowa",Taillaule,Pastries,10.0,c,1346.0,10.0,5.0,0.85000002384186,8.0,3.0,0.0,http://world-fr.openfoodfacts.org/produit/7616700185638/taillaule-migros,https://images.openfoodfacts.org/images/products/761/670/018/5638/front_fr.18.400.jpg
3068230017929,sun,Mix N 1,Dried fruits,-2.0,a,2575.0,5.4,5.7,0.02,23.0,7.7,100.0,http://world-fr.openfoodfacts.org/produit/3068230017929/mix-n-1-sun,https://images.openfoodfacts.org/images/products/306/823/001/7929/front_fr.15.400.jpg
8000500256152,"Kinder, Ferrero",Kinder schokobons bonbons de chocolat au lait fourres lait et noisettes sachet,Sweets,28.0,e,2401.0,52.2,21.2,0.28,8.3,0.0,0.0,http://world-fr.openfoodfacts.org/produit/8000500256152/kinder-schokobons-bonbons-de-chocolat-au-lait-fourres-lait-et-noisettes-sachet,https://images.openfoodfacts.org/images/products/800/050/025/6152/front_fr.38.400.jpg
3560070874125,Carrefour,Friture chocolat au lait pralin√©,Sweets,24.0,e,2261.0,52.0,17.0,0.14,7.9,2.7,10.3333333333333,http://world-fr.openfoodfacts.org/produit/3560070874125/friture-chocolat-au-lait-praline-carrefour,https://images.openfoodfacts.org/images/products/356/007/087/4125/front_fr.26.400.jpg
4018077705892,"Vico,Intersnack",Crunchips au sel fin,Appetizers,11.0,d,2209.0,0.1,3.0,1.425,6.0,3.5,0.0,http://world-fr.openfoodfacts.org/produit/4018077705892/crunchips-au-sel-fin-vico,https://images.openfoodfacts.org/images/products/401/807/770/5892/front_fr.33.400.jpg
8718907005838,Albert Heijn,Winegums suikervrij,Sweets,2.0,b,895.0,0.4,0.2,0.1,0.1,0.0,0.0,http://world-fr.openfoodfacts.org/produit/8718907005838/winegums-suikervrij-albert-heijn,https://images.openfoodfacts.org/images/products/871/890/700/5838/front_nl.3.400.jpg
7613036236034,"Nestl√©, Kit Kat, Kitkat",KITKAT Sachet d'oeufs 120g,Chocolate products,26.0,e,2253.0,53.0,18.0,0.45,9.4,1.6,0.0,http://world-fr.openfoodfacts.org/produit/7613036236034/kitkat-sachet-d-oeufs-120g-nestle,https://images.openfoodfacts.org/images/products/761/303/623/6034/front_fr.13.400.jpg
3701299421039,Vitaline,Barre daily carotte,Biscuits and cakes,-4.0,a,1642.0,10.6,2.0,0.3,13.3,10.3,72.8,http://world-fr.openfoodfacts.org/produit/3701299421039/barre-daily-carotte-vitaline,https://images.openfoodfacts.org/images/products/370/129/942/1039/front_fr.28.400.jpg
3596710493395,"Auchan, Sant√©",Biscuit the vert saveur mandarine,Biscuits and cakes,1.0,b,1742.0,13.0,3.2,0.2,8.9,4.7,12.84375,http://world-fr.openfoodfacts.org/produit/3596710493395/biscuit-the-vert-saveur-mandarine-auchan,https://images.openfoodfacts.org/images/products/359/671/049/3395/front_fr.16.400.jpg
7616500657892,Frey,Prestige Caramel ,Sweets,25.0,e,2340.0,55.0,23.0,0.22,4.5,1.5,2.0,http://world-fr.openfoodfacts.org/produit/7616500657892/prestige-caramel-frey,https://images.openfoodfacts.org/images/products/761/650/065/7892/front_fr.13.400.jpg
3596710346981,"Auchan, Auchan Bio",Mac√©doine de l√©gumes,One-dish meals,-5.0,a,152.0,1.2,0.1,0.67,3.5,3.0,66.6666666666667,http://world-fr.openfoodfacts.org/produit/3596710346981/macedoine-de-legumes-auchan,https://images.openfoodfacts.org/images/products/359/671/034/6981/front_fr.36.400.jpg
8422410066612,Bonpreu,Patates camperoles,Appetizers,8.0,c,2165.0,1.3,3.2,1.1,8.4,5.6,0.0,http://world-fr.openfoodfacts.org/produit/8422410066612/patates-camperoles-bonpreu,https://images.openfoodfacts.org/images/products/842/241/006/6612/front_es.3.400.jpg
3564700634981,"Tokapi,Marque Rep√®re",,Appetizers,1.0,b,1972.0,0.8,2.0,0.9,6.6,4.0,0.0,http://world-fr.openfoodfacts.org/produit/3564700634981/tokapi,https://images.openfoodfacts.org/images/products/356/470/063/4981/front_fr.50.400.jpg
4063367198205,k favourites,Kessel Chips Sweet Chili Style,Appetizers,13.0,d,2045.0,2.8,2.0,13.0,6.2,4.0,0.2,http://world-fr.openfoodfacts.org/produit/4063367198205/kessel-chips-sweet-chili-style-k-favourites,https://images.openfoodfacts.org/images/products/406/336/719/8205/front_de.24.400.jpg
8410564001313,Frit Ravich,Patatas fritas,Appetizers,8.0,c,2282.0,0.6,4.2,0.9,6.4,4.9,6.44125,http://world-fr.openfoodfacts.org/produit/8410564001313/patatas-fritas-frit-ravich,https://images.openfoodfacts.org/images/products/841/056/400/1313/front_es.27.400.jpg
7500463823602,"Pals snacks barra sabor cacahuate, Pals barra cacahuate, Pals cacahuate, Barra, Barrita",Pals barra crema de cacahuate,Biscuits and cakes,-8.0,a,795.0,20.0,2.0,0.0,12.0,10.0,20.0,http://world-fr.openfoodfacts.org/produit/7500463823602/pals-barra-crema-de-cacahuate-pals-snacks-barra-sabor-cacahuate,https://images.openfoodfacts.org/images/products/750/046/382/3602/front_es.3.400.jpg
7610700901137,Ricola,Ricola Menthe Pomme,Sweets,2.0,b,990.0,0.0,0.0,0.0,0.0,0.0,0.4,http://world-fr.openfoodfacts.org/produit/7610700901137/ricola-menthe-pomme,https://images.openfoodfacts.org/images/products/761/070/090/1137/front_fr.81.400.jpg
3760020508371,"JARDIN BIO ETIC,Jardin bio",Tartines craquantes Multic√©r√©ales,unknown,-3.0,a,1603.0,0.6,0.5,0.5,9.6,4.7,0.0,http://world-fr.openfoodfacts.org/produit/3760020508371/tartines-craquantes-multicereales-jardin-bio-etic,https://images.openfoodfacts.org/images/products/376/002/050/8371/front_fr.242.400.jpg
7613032201098,Nestl√©,BALATON¬Æ √ât,Biscuits and cakes,23.0,e,2104.0,42.1,13.7,0.19,5.2,2.4,0.0,http://world-fr.openfoodfacts.org/produit/7613032201098/balaton-et-nestle,https://images.openfoodfacts.org/images/products/761/303/220/1098/front_fr.19.400.jpg
3596710483709,"Auchan, Auchan Bio",biscuits avoine complete,Biscuits and cakes,0.0,b,1857.0,16.0,1.6,0.44,8.6,7.9,5.40516493055555,http://world-fr.openfoodfacts.org/produit/3596710483709/biscuits-avoine-complete-auchan,https://images.openfoodfacts.org/images/products/359/671/048/3709/front_fr.33.400.jpg
7610036012323,Villars,Chocolat lait Amandes & nougat,Chocolate products,23.0,e,2345.0,45.0,18.0,0.25,10.0,3.0,15.375,http://world-fr.openfoodfacts.org/produit/7610036012323/chocolat-lait-amandes-nougat-villars,https://images.openfoodfacts.org/images/products/761/003/601/2323/front_fr.53.400.jpg
3596710364749,Auchan,Tortillas chips saveur chili,Appetizers,7.0,c,1979.0,4.0,2.0,1.3,6.6,4.0,0.138888888888886,http://world-fr.openfoodfacts.org/produit/3596710364749/tortillas-chips-saveur-chili-auchan,https://images.openfoodfacts.org/images/products/359/671/036/4749/front_fr.72.400.jpg
5410081201220,C√¥te d'Or,l‚Äôoriginal lait,Chocolate products,24.0,e,2201.0,55.0,18.0,0.33,7.8,3.3,0.0,http://world-fr.openfoodfacts.org/produit/5410081201220/l-original-lait-cote-d-or,https://images.openfoodfacts.org/images/products/541/008/120/1220/front_fr.53.400.jpg
8003130142260,San Carlo,1936 Antica Ricetta,Appetizers,6.0,c,1998.0,0.6,2.1,1.1,7.0,5.5,0.0,http://world-fr.openfoodfacts.org/produit/8003130142260/1936-antica-ricetta-san-carlo,https://images.openfoodfacts.org/images/products/800/313/014/2260/front_fr.3.400.jpg
4035900476200,Kinkartz,Waffel Eier,Biscuits and cakes,18.0,d,2185.0,31.1,16.9,0.18,4.8,5.2,0.0,http://world-fr.openfoodfacts.org/produit/4035900476200/waffel-eier-kinkartz,https://images.openfoodfacts.org/images/products/403/590/047/6200/front_de.15.400.jpg
3760286460246,Hoope,Biscuits Bio S√©same Spiruline,Biscuits and cakes,-1.0,a,1922.0,15.0,2.0,0.13,10.6,6.3,18.1,http://world-fr.openfoodfacts.org/produit/3760286460246/biscuits-bio-sesame-spiruline-hoope,https://images.openfoodfacts.org/images/products/376/028/646/0246/front_fr.3.400.jpg
3564700508527,"D√©lisse,Marque Rep√®re",Tiramisu speculoos,Dairy desserts,12.0,d,1111.0,24.0,4.5,0.3,4.4,1.5,0.175000000000001,http://world-fr.openfoodfacts.org/produit/3564700508527/tiramisu-speculoos-delisse,https://images.openfoodfacts.org/images/products/356/470/050/8527/front_fr.21.400.jpg
3502790457714,"Goutez Craquez,Le Vieux Bistrot",P√©pites wasabi,Appetizers,11.0,d,1559.0,11.0,4.4,1.5,14.0,14.0,0.0,http://world-fr.openfoodfacts.org/produit/3502790457714/pepites-wasabi-goutez-craquez,https://images.openfoodfacts.org/images/products/350/279/045/7714/front_fr.34.400.jpg
3350031664892,Monoprix,"Chips - √† l'ancienne, nature",Appetizers,10.0,c,2308.0,0.7,3.4,1.3,5.0,4.7,0.0,http://world-fr.openfoodfacts.org/produit/3350031664892/chips-a-l-ancienne-nature-monoprix,https://images.openfoodfacts.org/images/products/335/003/166/4892/front_fr.37.400.jpg
7501030424369,Bimbo,Barra Trigo Avena Con Nuez y Almendra Caja Display,Biscuits and cakes,2.0,b,744.0,7.0,3.0,0.06,3.0,2.0,12.0,http://world-fr.openfoodfacts.org/produit/7501030424369/barra-trigo-avena-con-nuez-y-almendra-caja-display-bimbo,https://images.openfoodfacts.org/images/products/750/103/042/4369/front_es.18.400.jpg
6948939611178,ÁôæËçâÂë≥,ÁôæËçâÂë≥ÊäπËå∂Âë≥È∫ªËñØ,Biscuits and cakes,5.0,c,1656.0,0.0,0.0,0.4275,1.0,0.0,0.0,http://world-fr.openfoodfacts.org/produit/6948939611178/%E7%99%BE%E8%8D%89%E5%91%B3%E6%8A%B9%E8%8C%B6%E5%91%B3%E9%BA%BB%E8%96%AF-%E7%99%BE%E8%8D%89%E5%91%B3,https://images.openfoodfacts.org/images/products/694/893/961/1178/front_fr.3.400.jpg
3596710387526,Auchan,Fines Gaufrettes framboise,Biscuits and cakes,10.0,c,1532.0,39.0,0.3,0.21,4.0,2.0,18.903515625,http://world-fr.openfoodfacts.org/produit/3596710387526/fines-gaufrettes-framboise-auchan,https://images.openfoodfacts.org/images/products/359/671/038/7526/front_fr.18.400.jpg
3770008383142,Protifast,Protifast barres Crousti' noisette,Biscuits and cakes,9.0,c,1495.0,2.5,7.9,0.8,34.2,28.0,9.71500000000001,http://world-fr.openfoodfacts.org/produit/3770008383142/protifast-barres-crousti-noisette,https://images.openfoodfacts.org/images/products/377/000/838/3142/front_fr.6.400.jpg
3596710431557,Auchan,Galettes su√©doises aux flocons d'avoine,Biscuits and cakes,25.0,e,2061.0,41.0,12.0,0.85,5.1,2.9,1.375,http://world-fr.openfoodfacts.org/produit/3596710431557/galettes-suedoises-aux-flocons-d-avoine-auchan,https://images.openfoodfacts.org/images/products/359/671/043/1557/front_fr.32.400.jpg
8859402900058,Allright Kids,Organic Rice Cakes Mini,Appetizers,-5.0,a,1674.0,0.0,0.0,0.0,7.0,7.0,0.0,http://world-fr.openfoodfacts.org/produit/8859402900058/organic-rice-cakes-mini-allright-kids,https://images.openfoodfacts.org/images/products/885/940/290/0058/front_en.3.400.jpg
3256227092886,U,Tranches de cake abricots secs et m√ºesli,Biscuits and cakes,13.0,d,1683.0,24.0,2.9,0.9,5.5,2.4,20.5,http://world-fr.openfoodfacts.org/produit/3256227092886/tranches-de-cake-abricots-secs-et-muesli-u,https://images.openfoodfacts.org/images/products/325/622/709/2886/front_fr.34.400.jpg
3760325480020,Omie,Chocolat au lait intense - 42%,Chocolate products,23.0,e,2369.0,39.0,24.0,0.27,9.30000019073486,3.59999990463257,0.0,http://world-fr.openfoodfacts.org/produit/3760325480020/chocolat-au-lait-intense-42-omie,https://images.openfoodfacts.org/images/products/376/032/548/0020/front_en.10.400.jpg
3560071231781,Carrefour,Nature of nuts,Nuts,-3.0,a,2217.0,18.0,3.7,0.01,21.0,11.0,100.0,http://world-fr.openfoodfacts.org/produit/3560071231781/nature-of-nuts-carrefour,https://images.openfoodfacts.org/images/products/356/007/123/1781/front_fr.8.400.jpg
4104420132382,Alnatura,Chocolat 64% Cacao,Chocolate products,18.0,d,2303.0,33.0,24.5,0.02,7.0,11.3,0.0,http://world-fr.openfoodfacts.org/produit/4104420132382/chocolat-64-cacao-alnatura,https://images.openfoodfacts.org/images/products/410/442/013/2382/front_fr.11.400.jpg
3270723001517,"Intermarch√©,Auchan",P√¢te d'amande tricolore (26%),Sweets,15.0,d,1789.0,66.3,1.0,0.01,5.3,0.0,26.0,http://world-fr.openfoodfacts.org/produit/3270723001517/pate-d-amande-tricolore-26-intermarche,https://images.openfoodfacts.org/images/products/327/072/300/1517/front_fr.6.400.jpg
3564700205402,"Tokapi,Marque Rep√®re",Triangles go√ªt ratatouille,Appetizers,12.0,d,1992.0,1.7,2.0,3.8,4.8,4.5,0.0,http://world-fr.openfoodfacts.org/produit/3564700205402/triangles-gout-ratatouille-tokapi,
7610700015605,RICOLA SANS SUCRE,Eucalyptus,Artificially sweetened beverages,10.0,e,986.0,0.0,0.0,0.0,0.0,0.0,0.0,http://world-fr.openfoodfacts.org/produit/7610700015605/eucalyptus-ricola-sans-sucre,https://images.openfoodfacts.org/images/products/761/070/001/5605/front_fr.34.400.jpg
3250391658787,"Adelie,Les Cr√©ations",Craquant chocolat noisettes,Biscuits and cakes,16.0,d,1866.0,24.0,13.5,0.07,7.3,4.0,20.0,http://world-fr.openfoodfacts.org/produit/3250391658787/craquant-chocolat-noisettes-adelie,https://images.openfoodfacts.org/images/products/325/039/165/8787/front_fr.12.400.jpg
3258561011097,Belle France,Croustillants Go√ªt bacon,Appetizers,11.0,d,2038.0,2.6,1.9,1.6,6.4,3.0,0.0,http://world-fr.openfoodfacts.org/produit/3258561011097/croustillants-gout-bacon-belle-france,https://images.openfoodfacts.org/images/products/325/856/101/1097/front_fr.6.400.jpg
3222473161942,"Casino D√©lices, Casino, D√©lices",Les d√©licieux sabl√©s aux pommes,Biscuits and cakes,22.0,e,2081.0,32.0,15.0,0.4,5.2,2.4,5.0,http://world-fr.openfoodfacts.org/produit/3222473161942/les-delicieux-sables-aux-pommes-casino-delices,https://images.openfoodfacts.org/images/products/322/247/316/1942/front_fr.9.400.jpg
3760370200130,Papa Chiche,Chips BIO √† base de pois chiche - Paprika - 110g,Appetizers,-1.0,a,1811.0,2.5,1.6,0.73,13.5,5.5,9.088125,http://world-fr.openfoodfacts.org/produit/3760370200130/chips-bio-a-base-de-pois-chiche-paprika-110g-papa-chiche,https://images.openfoodfacts.org/images/products/376/037/020/0130/front_fr.9.400.jpg
4260249144408,"Erdb√§r, Erdb√§r, Freche Freunde, Erdb√§r","Fruchtriegel Birne, pflaume & brombeere",Biscuits and cakes,1.0,b,1539.0,26.0,1.1,0.04,6.6,6.9,8.33333333333333,http://world-fr.openfoodfacts.org/produit/4260249144408/fruchtriegel-birne-pflaume-brombeere-erdbar,https://images.openfoodfacts.org/images/products/426/024/914/4408/front_fr.4.400.jpg
8412170005983,Santiveri,Galletas Digestive S√©samo 0% az√∫cares,Biscuits and cakes,-4.0,a,1764.0,0.5,1.9,0.1,8.6,8.0,0.0,http://world-fr.openfoodfacts.org/produit/8412170005983/galletas-digestive-sesamo-0-azucares-santiveri,https://images.openfoodfacts.org/images/products/841/217/000/5983/front_fr.3.400.jpg
20063399,Snack Day,Tortilla Chips Nature,Appetizers,1.0,b,1979.0,0.8,2.0,0.9,6.6,4.0,0.0,http://world-fr.openfoodfacts.org/produit/20063399/tortilla-chips-nature-snack-day,https://images.openfoodfacts.org/images/products/20063399/front_fr.196.400.jpg
7617400034998,Cr√©a d'Or,Vanille-Kipferl Nr. 6,Biscuits and cakes,18.0,d,2238.0,23.0,10.0,0.16,5.0,2.8,24.8333333333333,http://world-fr.openfoodfacts.org/produit/7617400034998/vanille-kipferl-nr-6-crea-d-or,https://images.openfoodfacts.org/images/products/761/740/003/4998/front_fr.28.400.jpg
35342710034,Bella Sun Luci,"Bella sun luci, premium california sun dried tomatoes halves",Vegetables,-2.0,a,136.0,28.57,0.0,0.625,14.29,7.1,0.0,http://world-fr.openfoodfacts.org/produit/0035342710034/bella-sun-luci-premium-california-sun-dried-tomatoes-halves,
3596710061723,"Pouce,Auchan",Barres c√©r√©ali√®res Go√ªt Chocolat - banane,Biscuits and cakes,14.0,d,1710.0,30.0,5.4,0.28,5.8,3.4,6.0,http://world-fr.openfoodfacts.org/produit/3596710061723/barres-cerealieres-gout-chocolat-banane-pouce,https://images.openfoodfacts.org/images/products/359/671/006/1723/front_fr.32.400.jpg
3256223664087,U,Feuillet√©s ap√©ritif,Appetizers,14.0,d,1122.0,2.2,8.8,0.91,6.3,1.3,26.9,http://world-fr.openfoodfacts.org/produit/3256223664087/feuilletes-aperitif-u,https://images.openfoodfacts.org/images/products/325/622/366/4087/front_fr.39.400.jpg
8410740006965,lacasa,Lacasitos Chocolate con Leche,Sweets,25.0,e,2033.0,69.0,12.0,0.18,6.0,1.6,0.0,http://world-fr.openfoodfacts.org/produit/8410740006965/lacasitos-chocolate-con-leche-lacasa,https://images.openfoodfacts.org/images/products/841/074/000/6965/front_es.3.400.jpg
3596710333011,"MMM!,Auchan, Auchan Gourmet, Terroir",15 Broy√©s du Poitou,Biscuits and cakes,23.0,e,2168.0,26.0,18.0,0.63,6.0,0.5,0.0,http://world-fr.openfoodfacts.org/produit/3596710333011/15-broyes-du-poitou-mmm,https://images.openfoodfacts.org/images/products/359/671/033/3011/front_fr.25.400.jpg
3564700463772,"Tablette d'Or,Marque Rep√®re",Chocolat noir cors√© p√¢tissier,Chocolate products,20.0,e,2351.0,37.0,25.0,0.0,7.0,9.0,0.0,http://world-fr.openfoodfacts.org/produit/3564700463772/chocolat-noir-corse-patissier-tablette-d-or,https://images.openfoodfacts.org/images/products/356/470/046/3772/front_fr.32.400.jpg
3596710387533,"Rik & Rok,Auchan",Barquettes Abricot,Biscuits and cakes,13.0,d,1468.0,58.0,0.6,0.1,4.0,1.7,27.0,http://world-fr.openfoodfacts.org/produit/3596710387533/barquettes-abricot-rik-rok,https://images.openfoodfacts.org/images/products/359/671/038/7533/front_fr.54.400.jpg
87311495,Frisk,Mints peppermint,Sweets,2.0,b,993.0,0.0,0.3,0.0,0.0,0.3,0.0,http://world-fr.openfoodfacts.org/produit/87311495/mints-peppermint-frisk,https://images.openfoodfacts.org/images/products/87311495/front_fr.13.400.jpg
8431876209747,"Carrefour,Aperitivos Tapa",Torreznos,Meat,27.0,e,2644.0,0.0,15.9,3.0,46.3,0.0,0.0,http://world-fr.openfoodfacts.org/produit/8431876209747/torreznos-carrefour,https://images.openfoodfacts.org/images/products/843/187/620/9747/front_es.16.400.jpg
3222473469260,"Casino Bio, Casino",Carottes r√¢p√©es bio,Vegetables,-4.0,a,369.0,3.6,0.9,0.6,0.7,2.0,85.3225053894797,http://world-fr.openfoodfacts.org/produit/3222473469260/carottes-rapees-bio-casino-bio,https://images.openfoodfacts.org/images/products/322/247/346/9260/front_fr.40.400.jpg
8006940004797,Caputo,LiberIGPistacchi tostati senza sale aggiunto,Nuts,-3.0,a,2543.0,4.5,5.6,0.0,18.1,10.6,100.0,http://world-fr.openfoodfacts.org/produit/8006940004797/liberigpistacchi-tostati-senza-sale-aggiunto-caputo,https://images.openfoodfacts.org/images/products/800/694/000/4797/front_it.22.400.jpg
8431876293326,Carrefour,Cocktail edamame y soja,Appetizers,-2.0,a,1768.0,3.0,1.8,1.6,39.0,20.5,0.0,http://world-fr.openfoodfacts.org/produit/8431876293326/cocktail-edamame-y-soja-carrefour,https://images.openfoodfacts.org/images/products/843/187/629/3326/front_es.8.400.jpg
8901719125478,Parle,Parle-G,Biscuits and cakes,18.0,d,1901.0,25.5,6.0,0.74,6.9,0.0,0.0,http://world-fr.openfoodfacts.org/produit/8901719125478/parle-g,https://images.openfoodfacts.org/images/products/890/171/912/5478/front_en.7.400.jpg
8431876063134,De nuestra tierra,Polvorones de Estepa,Biscuits and cakes,20.0,e,2144.0,30.0,9.0,0.1,7.9,0.8,12.1,http://world-fr.openfoodfacts.org/produit/8431876063134/polvorones-de-estepa-de-nuestra-tierra,https://images.openfoodfacts.org/images/products/843/187/606/3134/front_es.9.400.jpg
7841503000738,Mazzei,Crackers,Biscuits and cakes,10.0,c,1651.0,7.0,1.0,1.9175,10.0,3.5,0.0,http://world-fr.openfoodfacts.org/produit/7841503000738/crackers-mazzei,https://images.openfoodfacts.org/images/products/784/150/300/0738/front_en.12.400.jpg
7622210638762,"Marabou,Mondelez","Marabou B√§r, granola & yoghurt",Chocolate products,25.0,e,2226.0,57.0,18.0,0.34,4.7,2.3,0.03,http://world-fr.openfoodfacts.org/produit/7622210638762/marabou-bar-granola-yoghurt,https://images.openfoodfacts.org/images/products/762/221/063/8762/front_sv.9.400.jpg
4751036540355,the beginnings,flap jack chocolate bar,Biscuits and cakes,16.0,d,2014.0,22.0,22.0,0.4,7.0,7.0,0.0,http://world-fr.openfoodfacts.org/produit/4751036540355/flap-jack-chocolate-bar-the-beginnings,https://images.openfoodfacts.org/images/products/475/103/654/0355/front_en.3.400.jpg
3168930007500,Lay's,D√©gustation Sel de mer d'Anglesey,Appetizers,6.0,c,1980.0,0.5,1.7,1.2,6.8,5.0,5.5,http://world-fr.openfoodfacts.org/produit/3168930007500/degustation-sel-de-mer-d-anglesey-lay-s,https://images.openfoodfacts.org/images/products/316/893/000/7500/front_fr.12.400.jpg
4260618523186,FRECHE FREUNDE,Roter Beerenmix Fruchtchips,unknown,-1.0,a,1187.0,42.0,0.2,0.0,6.2,19.0,100.0,http://world-fr.openfoodfacts.org/produit/4260618523186/roter-beerenmix-fruchtchips-freche-freunde,
3373030000188,Les galettes de Belle Isle en Terre,Veritable Kouign Amann Breton,Biscuits and cakes,23.0,e,2065.0,27.0,20.0,0.68,3.9,1.0,0.0,http://world-fr.openfoodfacts.org/produit/3373030000188/veritable-kouign-amann-breton-les-galettes-de-belle-isle-en-terre,https://images.openfoodfacts.org/images/products/337/303/000/0188/front_fr.26.400.jpg
3387390325768,"NESTL√â, CHOCAPIC",CHOCAPIC barres de c√©r√©ales,Biscuits and cakes,1.0,b,423.0,5.6,1.5,0.1,1.9,1.5,0.0,http://world-fr.openfoodfacts.org/produit/3387390325768/chocapic-barres-de-cereales-nestle,https://images.openfoodfacts.org/images/products/338/739/032/5768/front_fr.61.400.jpg
8000300375855,"Nestle,Motta",La Cremeria,Ice cream,9.0,c,847.0,22.0,4.7,0.1,2.3,0.2,0.0,http://world-fr.openfoodfacts.org/produit/8000300375855/la-cremeria-nestle,https://images.openfoodfacts.org/images/products/800/030/037/5855/front_fr.4.400.jpg
3281780886450,Martinet,PORTION 2CAROTTE/2COLESLAW,One-dish meals,-1.0,a,435.0,5.75,0.5,0.93,1.05,2.6,173.171875,http://world-fr.openfoodfacts.org/produit/3281780886450/portion-2carotte-2coleslaw-martinet,
5000159403436,Mars,Mars,Biscuits and cakes,24.0,e,1885.0,61.7,8.3,0.425,4.0,0.0,0.0,http://world-fr.openfoodfacts.org/produit/5000159403436/mars,https://images.openfoodfacts.org/images/products/500/015/940/3436/front_fr.21.400.jpg
3370390001008,Saint Amour¬Æ,G√¢teau au fromage blanc,Dairy desserts,1.0,b,700.0,21.3,1.6,0.11,6.9,0.0,60.15625,http://world-fr.openfoodfacts.org/produit/3370390001008/gateau-au-fromage-blanc-saint-amour,https://images.openfoodfacts.org/images/products/337/039/000/1008/front_fr.138.400.jpg
7622210157201,Marabou,Tack,Chocolate products,27.0,e,2440.0,52.0,23.0,0.34,4.2,1.2,0.0,http://world-fr.openfoodfacts.org/produit/7622210157201/tack-marabou,https://images.openfoodfacts.org/images/products/762/221/015/7201/front_sv.4.400.jpg
3560071231095,"Carrefour,Carrefour Bio",Cookies Maxi p√©pites chocolat,Biscuits and cakes,21.0,e,2136.0,32.0,11.0,0.75,6.6,5.1,0.0,http://world-fr.openfoodfacts.org/produit/3560071231095/cookies-maxi-pepites-chocolat-carrefour,https://images.openfoodfacts.org/images/products/356/007/123/1095/front_fr.36.400.jpg
5053990161249,Pringles,Smokey paprika and almonds,Appetizers,10.0,c,2160.0,3.6,2.7,1.3,4.5,3.1,0.439453125,http://world-fr.openfoodfacts.org/produit/5053990161249/smokey-paprika-and-almonds-pringles,https://images.openfoodfacts.org/images/products/505/399/016/1249/front_fr.35.400.jpg
3184830027295,"Saxo, Carrefour",Pistaches grill√©es sal√©es,Nuts,1.0,b,2470.0,5.9,6.0,0.88,26.0,6.5,100.0,http://world-fr.openfoodfacts.org/produit/3184830027295/pistaches-grillees-salees-saxo,https://images.openfoodfacts.org/images/products/318/483/002/7295/front_fr.14.400.jpg
8410376042887,Gull√≥n,Cuore di cereale. Biscotti di avena con frutti rossi,Biscuits and cakes,9.0,c,1826.0,26.0,2.3,0.53,8.0,8.0,1.45,http://world-fr.openfoodfacts.org/produit/8410376042887/cuore-di-cereale-biscotti-di-avena-con-frutti-rossi-gullon,https://images.openfoodfacts.org/images/products/841/037/604/2887/front_it.54.400.jpg
3256220210348,U,Go√ªters Fourr√©s Parfum Vanille,Biscuits and cakes,21.0,e,1995.0,34.6,8.5,0.6,5.3,1.8,0.0,http://world-fr.openfoodfacts.org/produit/3256220210348/gouters-fourres-parfum-vanille-u,https://images.openfoodfacts.org/images/products/325/622/021/0348/front_fr.13.400.jpg
3254560028715,Auchan,Galettes Bretonnes pur beurre,Biscuits and cakes,24.0,e,2093.0,31.0,13.0,0.75,6.0,1.0,0.0,http://world-fr.openfoodfacts.org/produit/3254560028715/galettes-bretonnes-pur-beurre-auchan,https://images.openfoodfacts.org/images/products/325/456/002/8715/front_fr.47.400.jpg
3421557401091,Grillon d'Or,Tartines Ki'Kroc,unknown,-3.0,a,1511.0,5.0,0.7,0.575,13.5,5.3,0.0,http://world-fr.openfoodfacts.org/produit/3421557401091/tartines-ki-kroc-grillon-d-or,https://images.openfoodfacts.org/images/products/342/155/740/1091/front_fr.27.400.jpg
5000328740102,Doritos,Tangy Cheese Tortilla Chips,Appetizers,9.0,c,2084.0,2.7,3.4,1.19,6.5,6.7,0.0,http://world-fr.openfoodfacts.org/produit/5000328740102/tangy-cheese-tortilla-chips-doritos,https://images.openfoodfacts.org/images/products/500/032/874/0102/front_fr.13.400.jpg
9351857000127,mindful foods,yummy beans,unknown,-4.0,a,1350.0,1.71,2.57,0.21,11.7,11.1,0.0,http://world-fr.openfoodfacts.org/produit/9351857000127/yummy-beans-mindful-foods,https://images.openfoodfacts.org/images/products/935/185/700/0127/front_en.4.400.jpg
7790580607210,Arcor,Chocolate con Leche,Chocolate products,27.0,e,2204.0,59.0,17.0,0.26,5.9,0.0,0.0,http://world-fr.openfoodfacts.org/produit/7790580607210/chocolate-con-leche-arcor,https://images.openfoodfacts.org/images/products/779/058/060/7210/front_es.20.400.jpg
8001120929532,COOP,Ciocco biscotti,Biscuits and cakes,21.0,e,2063.0,36.0,14.0,0.58,6.5,4.7,0.0,http://world-fr.openfoodfacts.org/produit/8001120929532/ciocco-biscotti-coop,https://images.openfoodfacts.org/images/products/800/112/092/9532/front_it.23.400.jpg
3760111204243,Maison Alsacienne de Biscuiterie,Pain d'√âpices bonhomme √©charpe,Biscuits and cakes,3.0,c,1240.0,35.0,0.3,0.0,5.7,4.4,6.78214285714286,http://world-fr.openfoodfacts.org/produit/3760111204243/pain-d-epices-bonhomme-echarpe-maison-alsacienne-de-biscuiterie,https://images.openfoodfacts.org/images/products/376/011/120/4243/front_fr.4.400.jpg
5012262010166,Mackie's of Scotland,Flamegrilled aberdeen angus Potato Chips,Appetizers,12.0,d,2120.0,2.7,2.6,1.4,7.0,2.7,0.0,http://world-fr.openfoodfacts.org/produit/5012262010166/flamegrilled-aberdeen-angus-potato-chips-mackie-s-of-scotland,https://images.openfoodfacts.org/images/products/501/226/201/0166/front_en.5.400.jpg
7702011111623,"Bon Bon Bum,Colombina",Bon Bon Bum Watermelon/Sand√≠a,Sweets,14.0,d,1579.0,65.0,0.0,0.0,0.0,0.0,0.0,http://world-fr.openfoodfacts.org/produit/7702011111623/bon-bon-bum-watermelon-sandia,https://images.openfoodfacts.org/images/products/770/201/111/1623/front_fr.10.400.jpg
8410317225317,El Lobo,Turr√≥n de chocolate con almendras,Sweets,22.0,e,2317.0,50.0,15.0,0.3,8.6,8.4,20.0,http://world-fr.openfoodfacts.org/produit/8410317225317/turron-de-chocolate-con-almendras-el-lobo,https://images.openfoodfacts.org/images/products/841/031/722/5317/front_es.18.400.jpg
8710398526724,LaysLay's,,unknown,9.0,c,2244.0,2.7,3.5,1.2,6.4,4.8,0.0,http://world-fr.openfoodfacts.org/produit/8710398526724/layslay-s,https://images.openfoodfacts.org/images/products/871/039/852/6724/front_nl.4.400.jpg
8480000335739,Hacendado,Garfitos,Appetizers,17.0,d,2072.0,1.5,2.9,2.6,6.0,1.4,0.0,http://world-fr.openfoodfacts.org/produit/8480000335739/garfitos-hacendado,https://images.openfoodfacts.org/images/products/848/000/033/5739/front_es.29.400.jpg
5412514935306,Acapulco,6 Tortillas,Bread,1.0,b,1291.0,3.9,1.0,1.6,9.0,3.8,0.0,http://world-fr.openfoodfacts.org/produit/5412514935306/6-tortillas-acapulco,https://images.openfoodfacts.org/images/products/541/251/493/5306/front_de.43.400.jpg
3596710387557,Auchan,Barquettes chocolat-noisettes,Biscuits and cakes,17.0,d,2036.0,47.0,2.9,0.34,6.5,2.6,22.5,http://world-fr.openfoodfacts.org/produit/3596710387557/barquettes-chocolat-noisettes-auchan,https://images.openfoodfacts.org/images/products/359/671/038/7557/front_fr.64.400.jpg
3660140935500,Brossard,Brossard - lot2 mini brownie chocolat noisettes x8,Biscuits and cakes,10.0,c,1874.0,26.0,5.5,0.37,5.9,7.5,46.26,http://world-fr.openfoodfacts.org/produit/3660140935500/brossard-lot2-mini-brownie-chocolat-noisettes-x8,https://images.openfoodfacts.org/images/products/366/014/093/5500/front_fr.22.400.jpg
3660140936002,Brossard,Lt2 p'tit savane rigolo chocolat 150g,Biscuits and cakes,2.0,b,1715.0,0.0,2.4,0.5,5.0,4.6,22.525,http://world-fr.openfoodfacts.org/produit/3660140936002/lt2-p-tit-savane-rigolo-chocolat-150g-brossard,https://images.openfoodfacts.org/images/products/366/014/093/6002/front_fr.28.400.jpg
8718906074125,Albert Heijn,Pure Chocolade 75%,Chocolate products,15.0,d,2240.0,21.0,25.0,0.0,9.5,15.0,0.0,http://world-fr.openfoodfacts.org/produit/8718906074125/pure-chocolade-75-albert-heijn,https://images.openfoodfacts.org/images/products/871/890/607/4125/front_nl.11.400.jpg
3560070592975,Carrefour,Saveur cassis,Chocolate products,0.0,b,0.0,0.0,0.0,0.0,0.0,0.0,0.0,http://world-fr.openfoodfacts.org/produit/3560070592975/saveur-cassis-carrefour,https://images.openfoodfacts.org/images/products/356/007/059/2975/front_fr.45.400.jpg
9319133335585,Carman's,Protein Cookies & Cream Bars,Biscuits and cakes,2.0,b,2000.0,17.3,0.3,0.6025,25.9,3.6,35.0,http://world-fr.openfoodfacts.org/produit/9319133335585/protein-cookies-cream-bars-carman-s,https://images.openfoodfacts.org/images/products/931/913/333/5585/front_en.11.400.jpg
4088600213170,Village Bakery,Aldi ‚ÄúVillage Bakery‚Äù,Bread,-3.0,a,983.0,3.9000000953674,0.5,0.79,9.3000001907349,3.4,0.0,http://world-fr.openfoodfacts.org/produit/4088600213170/aldi-village-bakery,https://images.openfoodfacts.org/images/products/408/860/021/3170/front_en.15.400.jpg
7792684003745,Solitas,Ekin,Biscuits and cakes,19.0,e,2020.0,24.3,10.3,0.0917,6.0,2.67,0.0,http://world-fr.openfoodfacts.org/produit/7792684003745/ekin-solitas,https://images.openfoodfacts.org/images/products/779/268/400/3745/front_es.3.400.jpg
8712996702234,Mitsuba,Wasabi Crackers Mitsuba,Appetizers,14.0,d,1796.0,3.9,3.2,1.5,6.8,0.9,0.0,http://world-fr.openfoodfacts.org/produit/8712996702234/wasabi-crackers-mitsuba,https://images.openfoodfacts.org/images/products/871/299/670/2234/front_fr.5.400.jpg
4061458089173,"Knusperone, DE-VAU-GE, Aldi",M√ºsliriegel ohne Zuckerzusatz - Wei√üe Schoko,Biscuits and cakes,2.0,b,1529.0,1.5,4.8,0.4,5.9,4.3,0.0,http://world-fr.openfoodfacts.org/produit/4061458089173/musliriegel-ohne-zuckerzusatz-weisse-schoko-knusperone,https://images.openfoodfacts.org/images/products/406/145/808/9173/front_de.3.400.jpg
8888077102092,Meiji,Meiji Hello Panda strawberry,Biscuits and cakes,25.0,e,2339.0,29.4,15.9,0.705,5.1,0.7,0.4,http://world-fr.openfoodfacts.org/produit/8888077102092/meiji-hello-panda-strawberry,https://images.openfoodfacts.org/images/products/888/807/710/2092/front_en.3.400.jpg
4056489459330,"El Tequito,Lidl",Blue Tortilla chips,Appetizers,6.0,c,1987.0,0.5,2.4,1.0,6.8,7.3,0.0,http://world-fr.openfoodfacts.org/produit/4056489459330/blue-tortilla-chips-el-tequito,https://images.openfoodfacts.org/images/products/405/648/945/9330/front_fr.3.400.jpg
7613312026533,Bl√©vita,Bl√©vita Graines de Courge,Appetizers,13.0,d,1906.0,1.8,2.0,1.6,15.0,0.7,10.0,http://world-fr.openfoodfacts.org/produit/7613312026533/blevita-graines-de-courge,https://images.openfoodfacts.org/images/products/761/331/202/6533/front_fr.49.400.jpg
7610032043550,Hug,Waffel-K√∂rbli,Biscuits and cakes,23.0,e,2030.0,41.0,15.0,0.41,7.0,3.5,0.0,http://world-fr.openfoodfacts.org/produit/7610032043550/waffel-korbli-hug,https://images.openfoodfacts.org/images/products/761/003/204/3550/front_fr.10.400.jpg
3258563020226,"Les D√©lices de Belle France,Belle France",Galettes bretonnes,Biscuits and cakes,24.0,e,2154.0,30.0,17.0,0.88,6.0,1.6,0.0,http://world-fr.openfoodfacts.org/produit/3258563020226/galettes-bretonnes-les-delices-de-belle-france,https://images.openfoodfacts.org/images/products/325/856/302/0226/front_fr.8.400.jpg
8410573102285,Vicente Vidal,Papas receta original,Appetizers,9.0,c,2264.0,0.5,3.8,1.25,6.9,76.0,0.0,http://world-fr.openfoodfacts.org/produit/8410573102285/papas-receta-original-vicente-vidal,https://images.openfoodfacts.org/images/products/841/057/310/2285/front_es.3.400.jpg
8002590075941,misura,,Biscuits and cakes,0.0,b,1792.0,3.6,1.6,0.72,8.5,4.0,0.0,http://world-fr.openfoodfacts.org/produit/8002590075941/misura,https://images.openfoodfacts.org/images/products/800/259/007/5941/front_en.14.400.jpg
8411414011940,Florb√∫,"Florbu Waffers, Butterkeks",Biscuits and cakes,12.0,d,1909.0,2.5,11.0,0.07,4.3,3.0,0.0,http://world-fr.openfoodfacts.org/produit/8411414011940/florbu-waffers-butterkeks,https://images.openfoodfacts.org/images/products/841/141/401/1940/front_es.40.400.jpg
8853282002178,Granovibes,BAR Mixed nuts,Biscuits and cakes,-4.0,a,1941.0,10.71,0.0,0.0,14.29,10.71,45.0,http://world-fr.openfoodfacts.org/produit/8853282002178/bar-mixed-nuts-granovibes,https://images.openfoodfacts.org/images/products/885/328/200/2178/front_en.3.400.jpg
3456300011760,Jardin bio,Tartines craquantes s√©same jardin bio,unknown,-3.0,a,1579.0,8.3,0.3,0.53,17.0,6.1,0.0,http://world-fr.openfoodfacts.org/produit/3456300011760/tartines-craquantes-sesame-jardin-bio,https://images.openfoodfacts.org/images/products/345/630/001/1760/front_fr.20.400.jpg
3596710356447,"Auchan,L'oiseau,Auchan Production,Groupe Auchan",Coleslaw (400 g + 200 g Gratuits),One-dish meals,1.0,b,477.0,5.0,0.7,0.79,1.0,2.0,72.0,http://world-fr.openfoodfacts.org/produit/3596710356447/coleslaw-400-g-200-g-gratuits-auchan,https://images.openfoodfacts.org/images/products/359/671/035/6447/front_fr.6.400.jpg
3560071012687,Carrefour,"Vitalit√© Cranberries, noix de cajou, noix de p√©can",Dried fruits,2.0,b,2155.0,36.0,4.9,0.02,9.1,7.2,117.75,http://world-fr.openfoodfacts.org/produit/3560071012687/vitalite-cranberries-noix-de-cajou-noix-de-pecan-carrefour,https://images.openfoodfacts.org/images/products/356/007/101/2687/front_fr.48.400.jpg
750894603817,Yummies,Mix - semillas y frutas,Nuts,0.0,b,711.0,13.0,6.6,0.0,23.0,7.0,0.0,http://world-fr.openfoodfacts.org/produit/0750894603817/mix-semillas-y-frutas-yummies,https://images.openfoodfacts.org/images/products/075/089/460/3817/front_en.31.400.jpg
7622300725358,"C√¥te d'Or,Kraft Foods",Noix de coco - Chocolat noir 70%,Chocolate products,17.0,d,2290.0,29.5,30.0,0.01,6.2,9.4,5.46875,http://world-fr.openfoodfacts.org/produit/7622300725358/noix-de-coco-chocolat-noir-70-cote-d-or,https://images.openfoodfacts.org/images/products/762/230/072/5358/front_fr.24.400.jpg
3254560706309,Auchan,Cigarettes gourmandes,Biscuits and cakes,23.0,e,2218.0,35.0,16.0,0.35,5.4,1.1,1.3671875,http://world-fr.openfoodfacts.org/produit/3254560706309/cigarettes-gourmandes-auchan,https://images.openfoodfacts.org/images/products/325/456/070/6309/front_fr.33.400.jpg
8431876281354,Carrefour,Patatas fritas sart√©n lisas sabor trufa,Appetizers,9.0,c,2199.0,1.4,3.5,1.02,5.8,4.0,0.0,http://world-fr.openfoodfacts.org/produit/8431876281354/patatas-fritas-sarten-lisas-sabor-trufa-carrefour,https://images.openfoodfacts.org/images/products/843/187/628/1354/front_es.9.400.jpg
3560071078263,Carrefour BIO,Biscuit Croustillant Bl√© Et Avoine,Biscuits and cakes,21.0,e,1965.0,34.0,9.7,0.85,6.5,3.0,0.0,http://world-fr.openfoodfacts.org/produit/3560071078263/biscuit-croustillant-ble-et-avoine-carrefour-bio,https://images.openfoodfacts.org/images/products/356/007/107/8263/front_fr.25.400.jpg
3281780062700,Pierre Martinet,Mon coleslaw chou blanc et carottes,One-dish meals,2.0,b,454.0,6.7,0.6,1.0,0.9,2.4,93.703125,http://world-fr.openfoodfacts.org/produit/3281780062700/mon-coleslaw-chou-blanc-et-carottes-pierre-martinet,https://images.openfoodfacts.org/images/products/328/178/006/2700/front_fr.30.400.jpg
4088600004167,Snackrite,Prawn crackers,Appetizers,16.0,d,2279.0,6.2,2.5,2.0,2.6,1.1,0.0,http://world-fr.openfoodfacts.org/produit/4088600004167/prawn-crackers-snackrite,https://images.openfoodfacts.org/images/products/408/860/000/4167/front_en.23.400.jpg
7624841312578,"Coop,Karma",Karma coconut choco,Chocolate products,18.0,d,2390.0,30.0,26.0,0.03,3.2,11.0,11.5,http://world-fr.openfoodfacts.org/produit/7624841312578/karma-coconut-choco-coop,https://images.openfoodfacts.org/images/products/762/484/131/2578/front_fr.19.400.jpg
7610700011867,Ricola,Activ'air,Sweets,2.0,b,986.0,0.0,0.0,0.04,0.0,0.0,0.2,http://world-fr.openfoodfacts.org/produit/7610700011867/activ-air-ricola,https://images.openfoodfacts.org/images/products/761/070/001/1867/front_fr.49.400.jpg
3222477006065,Casino,Tuiles gout paprika,Appetizers,9.0,c,2067.0,5.7,2.0,1.3,4.2,4.7,0.103993055555554,http://world-fr.openfoodfacts.org/produit/3222477006065/tuiles-gout-paprika-casino,https://images.openfoodfacts.org/images/products/322/247/700/6065/front_fr.19.400.jpg
3560070814916,"Carrefour,CMI (Carrefour Marchandises Internationales),Groupe Carrefour",Taboul√© au tartare de tomate ,One-dish meals,-3.0,a,569.0,3.9,0.7,0.65,3.3,2.1,52.7107189542484,http://world-fr.openfoodfacts.org/produit/3560070814916/taboule-au-tartare-de-tomate-carrefour,https://images.openfoodfacts.org/images/products/356/007/081/4916/front_fr.9.400.jpg
8412438000071,D. Sancho Melero,Torta polvoron,Sweets,17.0,d,2035.0,21.0,8.1,0.04,6.3,1.8,0.0,http://world-fr.openfoodfacts.org/produit/8412438000071/torta-polvoron-d-sancho-melero,https://images.openfoodfacts.org/images/products/841/243/800/0071/front_es.17.400.jpg
7613035366749,"Nestl√©, Kitkat, Kit kat",Kit Kat x10,Biscuits and cakes,24.0,e,2151.0,45.7,15.0,0.14,7.8,2.5,0.0,http://world-fr.openfoodfacts.org/produit/7613035366749/kit-kat-x10-nestle,https://images.openfoodfacts.org/images/products/761/303/536/6749/front_fr.163.400.jpg
3266191016665,La Vie Claire,P√¢te 100% fruits abricot,Fruits,1.0,b,1200.0,53.4,0.02,0.0299999999999999,3.4,7.3,100.0,http://world-fr.openfoodfacts.org/produit/3266191016665/pate-100-fruits-abricot-la-vie-claire,https://images.openfoodfacts.org/images/products/326/619/101/6665/front_fr.4.400.jpg
7501000164370,Barcel,Takis Temptation,Appetizers,17.0,d,2100.0,1.7999999523163,4.1999998092651,7.88999975,6.3000001907349,3.0,0.0,http://world-fr.openfoodfacts.org/produit/7501000164370/takis-temptation-barcel,https://images.openfoodfacts.org/images/products/750/100/016/4370/front_es.22.400.jpg
3596710088447,Auchan,Pain sp√©cial brioch√© pour foie gras,Pastries,2.0,b,1319.0,11.0,0.9,1.1,8.3,2.8,0.0,http://world-fr.openfoodfacts.org/produit/3596710088447/pain-special-brioche-pour-foie-gras-auchan,https://images.openfoodfacts.org/images/products/359/671/008/8447/front_fr.14.400.jpg
3083681008647,Bonduelle,Coleslaw √† la moutarde √† l'ancienne,One-dish meals,-3.0,a,518.0,5.5,0.8,0.6,1.0,2.5,80.7511487688337,http://world-fr.openfoodfacts.org/produit/3083681008647/coleslaw-a-la-moutarde-a-l-ancienne-bonduelle,https://images.openfoodfacts.org/images/products/308/368/100/8647/front_fr.10.400.jpg
5287001573039,NutriBite,NutriBite Pistachio Cranberries Bar,Biscuits and cakes,-1.0,a,1320.0,14.2,2.75,0.0187,9.0,4.25,14.2857142857143,http://world-fr.openfoodfacts.org/produit/5287001573039/nutribite-pistachio-cranberries-bar,https://images.openfoodfacts.org/images/products/528/700/157/3039/front_en.10.400.jpg
9000159161400,"Kelly Kelly‚Äòs,, Soletti",Salzstangerl,unknown,7.0,c,1601.0,0.7,0.3,1.4,3.6,1.3,0.0,http://world-fr.openfoodfacts.org/produit/9000159161400/salzstangerl-kelly-kelly-s,https://images.openfoodfacts.org/images/products/900/015/916/1400/front_de.25.400.jpg
8002831113210,Mediterranean Food Solutions,Beignets de Fleur de Courgette,One-dish meals,2.0,b,1146.0,2.5,2.0,0.8,3.8,2.0,0.0,http://world-fr.openfoodfacts.org/produit/8002831113210/beignets-de-fleur-de-courgette-mediterranean-food-solutions,https://images.openfoodfacts.org/images/products/800/283/111/3210/front_fr.47.400.jpg
3185610983312,Boehli,Bo√Æte collector avec tubo sticks/bretzels - printemps,Appetizers,10.0,c,1617.0,2.0,0.4,3.0,11.0,3.8,0.0,http://world-fr.openfoodfacts.org/produit/3185610983312/boite-collector-avec-tubo-sticks-bretzels-printemps-boehli,https://images.openfoodfacts.org/images/products/318/561/098/3312/front_fr.24.400.jpg
7501000167456,Barcel,Golden Nuts,Nuts,17.0,d,2520.0,0.0,7.5,1.97,27.5,10.0,34.3333333333333,http://world-fr.openfoodfacts.org/produit/7501000167456/golden-nuts-barcel,https://images.openfoodfacts.org/images/products/750/100/016/7456/front_es.7.400.jpg
8710398015396,Smiths,Bugles nacho cheese,Appetizers,17.0,d,2253.0,5.1,3.8,2.2,6.4,2.2,5.75,http://world-fr.openfoodfacts.org/produit/8710398015396/bugles-nacho-cheese-smiths,https://images.openfoodfacts.org/images/products/871/039/801/5396/front_fr.21.400.jpg
2006050107278,isaura,Chocolat dessert Lait,Chocolate products,24.0,e,2306.0,51.0,20.0,0.23,7.0,3.5,0.0,http://world-fr.openfoodfacts.org/produit/2006050107278/chocolat-dessert-lait-isaura,https://images.openfoodfacts.org/images/products/200/605/010/7278/front_fr.3.400.jpg
3336971610014,"Vico,Intersnack,Monster Munch",Monster Munch Sal√© 80G,Appetizers,15.0,d,2021.0,5.7,2.8,2.0,4.4,2.4,0.0,http://world-fr.openfoodfacts.org/produit/3336971610014/monster-munch-sale-80g-vico,https://images.openfoodfacts.org/images/products/333/697/161/0014/front_fr.38.400.jpg
7613269184560,"Migros,M-Budget",D√©lices au fromage,unknown,4.0,c,831.0,3.5,2.0,1.3,6.0,1.0,0.0,http://world-fr.openfoodfacts.org/produit/7613269184560/delices-au-fromage-migros,https://images.openfoodfacts.org/images/products/761/326/918/4560/front_fr.10.400.jpg
2048348703007,Griesson,soft cake Kirsche,Biscuits and cakes,17.0,d,1607.0,52.0,6.0,0.18,3.0,2.0,10.0,http://world-fr.openfoodfacts.org/produit/2048348703007/soft-cake-kirsche-griesson,https://images.openfoodfacts.org/images/products/204/834/870/3007/front_de.9.400.jpg
7622201432126,Lacta,My Lacta Peanut n Cereal,Chocolate products,24.0,e,2251.0,51.0,15.0,0.0,9.1,2.7,0.0,http://world-fr.openfoodfacts.org/produit/7622201432126/my-lacta-peanut-n-cereal,https://images.openfoodfacts.org/images/products/762/220/143/2126/front_el.29.400.jpg
8431876280227,Carrefour,Patatas fritas lisas,Appetizers,10.0,c,2289.0,0.5,3.6,0.92,6.8,3.5,0.0,http://world-fr.openfoodfacts.org/produit/8431876280227/patatas-fritas-lisas-carrefour,https://images.openfoodfacts.org/images/products/843/187/628/0227/front_es.11.400.jpg
3770010956525,GreenLeaf,What the Hemp !,unknown,0.0,b,1886.0,13.0,3.4,0.06,14.0,7.0,17.0,http://world-fr.openfoodfacts.org/produit/3770010956525/what-the-hemp-greenleaf,https://images.openfoodfacts.org/images/products/377/001/095/6525/front_fr.3.400.jpg
8410564004437,Frit Ravich,Chips PREMIUM sabor queso curado y trufa negra,Appetizers,9.0,c,2157.0,1.4,3.2,1.3,6.5,5.2,0.0,http://world-fr.openfoodfacts.org/produit/8410564004437/chips-premium-sabor-queso-curado-y-trufa-negra-frit-ravich,https://images.openfoodfacts.org/images/products/841/056/400/4437/front_es.12.400.jpg
7622210826053,"Milka,Oreo",Milka Oreo Sandwandwich,Chocolate products,26.0,e,2168.0,50.0,16.0,0.51,5.7,2.1,0.0,http://world-fr.openfoodfacts.org/produit/7622210826053/milka-oreo-sandwandwich,https://images.openfoodfacts.org/images/products/762/221/082/6053/front_en.11.400.jpg
9310072004051,ARNOTTS,"Vita Weat 100% natural, original",Appetizers,-3.0,a,390.0,1.6,1.1,1.186974789916,11.4,11.6,0.0,http://world-fr.openfoodfacts.org/produit/9310072004051/vita-weat-100-natural-original-arnotts,https://images.openfoodfacts.org/images/products/931/007/200/4051/front_fr.7.400.jpg
5705830002105,REMA 1000,Tex Mex Tortilla Chips med Salt,Appetizers,12.0,d,1972.0,0.8,8.6,0.9,6.6,4.0,0.0,http://world-fr.openfoodfacts.org/produit/5705830002105/tex-mex-tortilla-chips-med-salt-rema-1000,https://images.openfoodfacts.org/images/products/570/583/000/2105/front_da.14.400.jpg
4014400925784,Storck,Smile gummi Happies,Sweets,14.0,d,1413.0,52.1,0.1,0.1,6.5,0.0,0.0,http://world-fr.openfoodfacts.org/produit/4014400925784/smile-gummi-happies-storck,https://images.openfoodfacts.org/images/products/401/440/092/5784/front_de.3.400.jpg
8480000143068,HACENDADO,Caocream,Biscuits and cakes,20.0,e,1951.0,37.0,5.5,1.1,4.5,2.7,0.0,http://world-fr.openfoodfacts.org/produit/8480000143068/caocream-hacendado,https://images.openfoodfacts.org/images/products/848/000/014/3068/front_es.18.400.jpg
8480000657329,Hacendado,Surtido de chocolate,Sweets,25.0,e,2318.0,53.0,20.0,0.19,7.5,1.8,0.0,http://world-fr.openfoodfacts.org/produit/8480000657329/surtido-de-chocolate-hacendado,https://images.openfoodfacts.org/images/products/848/000/065/7329/front_es.13.400.jpg
5060102622147,Hartridges British Drinks Co.,Blackcurrant Flavour Cordial,Sweets,1.0,b,69.0,2.5,0.0,0.3,0.1,0.0,0.0,http://world-fr.openfoodfacts.org/produit/5060102622147/blackcurrant-flavour-cordial-hartridges-british-drinks-co,https://images.openfoodfacts.org/images/products/506/010/262/2147/front_en.4.400.jpg
3250390506980,Bouton d'or,Biscuits ap√©ritif saveur paprika,Appetizers,8.0,c,2058.0,6.3,2.0,1.25,4.0,4.9,1.50416666666667,http://world-fr.openfoodfacts.org/produit/3250390506980/biscuits-aperitif-saveur-paprika-bouton-d-or,https://images.openfoodfacts.org/images/products/325/039/050/6980/front_fr.52.400.jpg
4316268545549,American Style,American Style Popcorn,unknown,10.0,c,1742.0,51.8,1.2,0.0,4.5,7.1,0.0,http://world-fr.openfoodfacts.org/produit/4316268545549/american-style-popcorn,https://images.openfoodfacts.org/images/products/431/626/854/5549/front_de.14.400.jpg
3175681226111,Gerbl√©,Gerbl√© sans sucres g√©noise chocolat saveur framboise,Biscuits and cakes,0.0,b,1214.0,0.0,3.4,0.25,4.3,5.6,0.0,http://world-fr.openfoodfacts.org/produit/3175681226111/gerble-sans-sucres-genoise-chocolat-saveur-framboise,https://images.openfoodfacts.org/images/products/317/568/122/6111/front_fr.67.400.jpg
3083680603119,Bonduelle,Coleslaw √† la moutarde √† l'ancienne,One-dish meals,0.0,b,518.0,5.5,0.8,0.6,1.0,2.5,80.7511487688337,http://world-fr.openfoodfacts.org/produit/3083680603119/coleslaw-a-la-moutarde-a-l-ancienne-bonduelle,https://images.openfoodfacts.org/images/products/308/368/060/3119/front_fr.42.400.jpg
7622210234032,C√¥te d'Or,Chokotoff - Caramel enrob√© de chocolat noir,Chocolate products,23.0,e,1935.0,51.0,12.0,0.28,2.3,3.0,0.0,http://world-fr.openfoodfacts.org/produit/7622210234032/chokotoff-caramel-enrobe-de-chocolat-noir-cote-d-or,https://images.openfoodfacts.org/images/products/762/221/023/4032/front_fr.8.400.jpg
3596710422401,Auchan,Les Aides P√¢tissi√®res ‚Äì P√¢te d'amande,Sweets,13.0,d,1758.0,72.4,1.1,0.06,3.6,2.0,50.3125,http://world-fr.openfoodfacts.org/produit/3596710422401/les-aides-patissieres-pate-d-amande-auchan,https://images.openfoodfacts.org/images/products/359/671/042/2401/front_fr.21.400.jpg
8011515951871,Colfiorito,Colfiorito Snack Pronto Da Mangiare,unknown,-2.0,a,2007.0,20.0,2.0,0.0,15.0,10.0,70.0,http://world-fr.openfoodfacts.org/produit/8011515951871/colfiorito-snack-pronto-da-mangiare,https://images.openfoodfacts.org/images/products/801/151/595/1871/front_it.3.400.jpg
4000417660619,Ritter Sport,Goldschatz Schokolade,Chocolate products,26.0,e,2383.0,45.0,24.0,0.16,7.4,0.1,0.0,http://world-fr.openfoodfacts.org/produit/4000417660619/goldschatz-schokolade-ritter-sport,https://images.openfoodfacts.org/images/products/400/041/766/0619/front_de.3.400.jpg
6002908000483,Bakali,Popped Chips Lentil,unknown,-2.0,a,1778.0,3.1,1.5,0.384,10.0,4.3,12.6302083333333,http://world-fr.openfoodfacts.org/produit/6002908000483/popped-chips-lentil-bakali,https://images.openfoodfacts.org/images/products/600/290/800/0483/front_en.3.400.jpg
7622210204424,LU,Principe crema de chocolate,Biscuits and cakes,16.0,d,1969.0,32.0,5.6,0.49,6.2,3.1,8.625,http://world-fr.openfoodfacts.org/produit/7622210204424/principe-crema-de-chocolate-lu,https://images.openfoodfacts.org/images/products/762/221/020/4424/front_es.69.400.jpg
5060293441398,Body Me,BodyMe Organic Vegan Protein Bar Cacao Orange,Biscuits and cakes,12.0,d,1785.0,26.1,6.2,0.57,26.8,5.4,57.2851851851852,http://world-fr.openfoodfacts.org/produit/5060293441398/bodyme-organic-vegan-protein-bar-cacao-orange-body-me,https://images.openfoodfacts.org/images/products/506/029/344/1398/front_fr.11.400.jpg
8431876249880,De nuestra tierra,Figuritas de mazapan,Biscuits and cakes,11.0,d,2064.0,51.0,2.0,0.0,9.3,6.7,50.0,http://world-fr.openfoodfacts.org/produit/8431876249880/figuritas-de-mazapan-de-nuestra-tierra,https://images.openfoodfacts.org/images/products/843/187/624/9880/front_es.20.400.jpg
3187670011417,Leclerc,Beignet pomme,unknown,1.0,b,1306.0,12.0,1.2,0.7,6.1,12.7,15.4490234375,http://world-fr.openfoodfacts.org/produit/3187670011417/beignet-pomme-leclerc,https://images.openfoodfacts.org/images/products/318/767/001/1417/front_fr.22.400.jpg
4260462982115,3 Bears,Pocket porridge,Biscuits and cakes,0.0,b,1632.0,19.0,1.4,0.01,6.5,13.0,0.0,http://world-fr.openfoodfacts.org/produit/4260462982115/pocket-porridge-3-bears,https://images.openfoodfacts.org/images/products/426/046/298/2115/front_en.6.400.jpg
4088600486895,Snackrite,Pretzal pieces jalape√±o flavour,Appetizers,15.0,d,1898.0,6.2,1.6,2.7,6.5,2.1,0.0,http://world-fr.openfoodfacts.org/produit/4088600486895/pretzal-pieces-jalapeno-flavour-snackrite,https://images.openfoodfacts.org/images/products/408/860/048/6895/front_en.16.400.jpg
7613312085578,Migros,Meringue de la Gruy√®re,Biscuits and cakes,15.0,d,1683.0,94.0,0.0,0.0,5.0,0.0,0.0,http://world-fr.openfoodfacts.org/produit/7613312085578/meringue-de-la-gruyere-migros,https://images.openfoodfacts.org/images/products/761/331/208/5578/front_fr.12.400.jpg
4061464093317,Asia Green Garden,Wasabi-nori-chips,Appetizers,9.0,c,2173.0,2.5,2.4,1.2,6.4,4.1,0.0,http://world-fr.openfoodfacts.org/produit/4061464093317/wasabi-nori-chips-asia-green-garden,https://images.openfoodfacts.org/images/products/406/146/409/3317/front_en.13.400.jpg
3045140105557,Milka,Au Lait du Pays Alpin (lot de 3),Chocolate products,26.0,e,2220.0,58.0,17.5,0.43,6.4,1.8,0.694444444444443,http://world-fr.openfoodfacts.org/produit/3045140105557/au-lait-du-pays-alpin-lot-de-3-milka,https://images.openfoodfacts.org/images/products/304/514/010/5557/front_fr.7.400.jpg
7501011176461,Sunbites,Sunbites Palomitas sabor Cheddar Blanco,Salty and fatty products,6.0,c,1690.0,3.33,1.67,1.19,10.0,13.3,0.0,http://world-fr.openfoodfacts.org/produit/7501011176461/sunbites-palomitas-sabor-cheddar-blanco,https://images.openfoodfacts.org/images/products/750/101/117/6461/front_es.12.400.jpg
3178530422757,Bonne maman,Tendre c≈ìur chocolat,Biscuits and cakes,22.0,e,1739.0,31.0,15.0,0.85,5.6,2.5,0.0,http://world-fr.openfoodfacts.org/produit/3178530422757/tendre-coeur-chocolat-bonne-maman,https://images.openfoodfacts.org/images/products/317/853/042/2757/front_fr.15.400.jpg
3229820797311,Bjorg,Gaufrettes aux l√©gumes betterave oignon,unknown,0.0,b,1668.0,14.0,0.7,0.9,12.0,5.7,15.6,http://world-fr.openfoodfacts.org/produit/3229820797311/gaufrettes-aux-legumes-betterave-oignon-bjorg,https://images.openfoodfacts.org/images/products/322/982/079/7311/front_fr.4.400.jpg
3300081001208,Les Craquelins de Saint Malo,Craquelins natures recette originale x 20,Biscuits and cakes,-4.0,a,1618.0,2.1,1.08,0.25,15.5,4.9,0.0,http://world-fr.openfoodfacts.org/produit/3300081001208/craquelins-natures-recette-originale-x-20-les-craquelins-de-saint-malo,https://images.openfoodfacts.org/images/products/330/008/100/1208/front_fr.68.400.jpg
3259426022319,Ker Cad√©lac,Mini cake framboise,Biscuits and cakes,5.0,c,1367.0,1.5,1.7,0.86,4.5,1.1,24.46875,http://world-fr.openfoodfacts.org/produit/3259426022319/mini-cake-framboise-ker-cadelac,https://images.openfoodfacts.org/images/products/325/942/602/2319/front_fr.23.400.jpg
3564700011300,"Pom lisse,Pom'Lisse,Marque Rep√®re",Chips √† l'ancienne Nature,Appetizers,7.0,c,2312.0,0.5,3.0,1.1,5.9,5.5,0.0,http://world-fr.openfoodfacts.org/produit/3564700011300/chips-a-l-ancienne-nature-pom-lisse,https://images.openfoodfacts.org/images/products/356/470/001/1300/front_fr.50.400.jpg
3256229522008,U,Snacks popp√©s aux l√©gumineuses saveur fromage poivre fum√©,Appetizers,-2.0,a,1770.0,1.5,1.7,0.49,9.9,8.7,12.18,http://world-fr.openfoodfacts.org/produit/3256229522008/snacks-poppes-aux-legumineuses-saveur-fromage-poivre-fume-u,https://images.openfoodfacts.org/images/products/325/622/952/2008/front_fr.7.400.jpg
4058172458774,"dm Bio,dmBio",Protein Knabbermix,unknown,14.0,d,1888.0,8.0,4.0,3.2,38.0,15.0,28.0,http://world-fr.openfoodfacts.org/produit/4058172458774/protein-knabbermix-dm-bio,https://images.openfoodfacts.org/images/products/405/817/245/8774/front_fr.3.400.jpg
2006050046669,drizz,Chips saveur paprika,Appetizers,10.0,c,2149.0,3.5,2.4,1.4,6.1,4.2,0.0,http://world-fr.openfoodfacts.org/produit/2006050046669/chips-saveur-paprika-drizz,https://images.openfoodfacts.org/images/products/200/605/004/6669/front_fr.8.400.jpg
3560070744831,"Carrefour,Carrefour Bio",Biscuits Epeautre et S√©same,Biscuits and cakes,12.0,d,2051.0,22.0,4.3,0.46,9.4,4.5,0.64875,http://world-fr.openfoodfacts.org/produit/3560070744831/biscuits-epeautre-et-sesame-carrefour,https://images.openfoodfacts.org/images/products/356/007/074/4831/front_fr.97.400.jpg
3256224375548,U,Cookies Premium Maxi P√©pites de Chocolats,Biscuits and cakes,23.0,e,2068.0,37.0,8.9,1.1,5.2,3.2,8.41666666666667,http://world-fr.openfoodfacts.org/produit/3256224375548/cookies-premium-maxi-pepites-de-chocolats-u,https://images.openfoodfacts.org/images/products/325/622/437/5548/front_fr.56.400.jpg
4056489455929,Lidl,Kichererbsen Chips,Appetizers,9.0,c,1811.0,5.8,0.9,1.9,13.0,4.8,0.02288818359375,http://world-fr.openfoodfacts.org/produit/4056489455929/kichererbsen-chips-lidl,https://images.openfoodfacts.org/images/products/405/648/945/5929/front_de.3.400.jpg
5706779063547,Earth Control,Sweet & Salty,Dried fruits,2.0,b,1990.0,35.0,4.1,0.4,14.0,6.2,93.0,http://world-fr.openfoodfacts.org/produit/5706779063547/sweet-salty-earth-control,https://images.openfoodfacts.org/images/products/570/677/906/3547/front_sv.6.400.jpg
7790380008286,Georgalos,,Biscuits and cakes,-1.0,a,1030.0,0.0,1.43,0.226,1.9,18.1,0.0,http://world-fr.openfoodfacts.org/produit/7790380008286/georgalos,https://images.openfoodfacts.org/images/products/779/038/000/8286/front_es.5.400.jpg
8710482533782,Bolletje,Noten & Granen Repen Amandel & Havermout,Biscuits and cakes,0.0,b,1741.0,8.5,4.2,0.03,11.0,24.0,24.0,http://world-fr.openfoodfacts.org/produit/8710482533782/noten-granen-repen-amandel-havermout-bolletje,https://images.openfoodfacts.org/images/products/871/048/253/3782/front_nl.20.400.jpg
8000380153619,Loacker,Classic fondente 75g,Biscuits and cakes,22.0,e,2091.0,25.0,21.0,0.35,8.2,0.0,0.0,http://world-fr.openfoodfacts.org/produit/8000380153619/classic-fondente-75g-loacker,https://images.openfoodfacts.org/images/products/800/038/015/3619/front_fr.28.400.jpg
27036594,MILLVILLE,,Biscuits and cakes,-3.0,a,1642.0,11.0,1.3,0.05,8.1,25.0,3.9,http://world-fr.openfoodfacts.org/produit/27036594/millville,https://images.openfoodfacts.org/images/products/27036594/front_fr.76.400.jpg
8595229922261,Emco,Su≈°enky bez cukru jablko,Biscuits and cakes,6.0,c,1813.0,11.0,4.3,0.05,8.0,10.0,7.0,http://world-fr.openfoodfacts.org/produit/8595229922261/su%C5%A1enky-bez-cukru-jablko-emco,https://images.openfoodfacts.org/images/products/859/522/992/2261/front_cs.20.400.jpg
7622210995025,C√¥te d'Or,Bloc lait amandes caram√©lis√©es pointe de sel,Chocolate products,25.0,e,2213.0,51.0,14.0,0.78,8.9,4.4,15.0,http://world-fr.openfoodfacts.org/produit/7622210995025/bloc-lait-amandes-caramelisees-pointe-de-sel-cote-d-or,https://images.openfoodfacts.org/images/products/762/221/099/5025/front_fr.76.400.jpg
9300650001503,belVita,Breakfast Biscuits - Cranberry,Biscuits and cakes,7.0,c,1600.0,19.7,1.4,0.76708,8.0,6.4,7.5,http://world-fr.openfoodfacts.org/produit/9300650001503/breakfast-biscuits-cranberry-belvita,https://images.openfoodfacts.org/images/products/930/065/000/1503/front_en.10.400.jpg
3770001404158,Biscru,The original - Petits crackers sans cuisson Pomme & Datte,Appetizers,-3.0,a,1351.0,15.38,1.62,0.0,8.76,6.92,52.0,http://world-fr.openfoodfacts.org/produit/3770001404158/the-original-petits-crackers-sans-cuisson-pomme-datte-biscru,https://images.openfoodfacts.org/images/products/377/000/140/4158/front_fr.3.400.jpg
7790580130664,"Arcor,Arcor Helados",Cucurucho Crema Americana & Chocolate,Ice cream,15.0,d,1041.0,25.0,8.6,0.1375,4.2,1.1,0.0,http://world-fr.openfoodfacts.org/produit/7790580130664/cucurucho-crema-americana-chocolate-arcor,
7610700947388,Ricola,,Sweets,2.0,b,990.0,0.0,0.0,0.0,0.0,0.0,0.0,http://world-fr.openfoodfacts.org/produit/7610700947388/ricola,https://images.openfoodfacts.org/images/products/761/070/094/7388/front_fr.26.400.jpg
8718907116312,Albert Heijn,Gezouten Pinda‚Äôs,Nuts,8.0,c,2565.0,5.5,8.0,0.68,25.0,0.0,96.0,http://world-fr.openfoodfacts.org/produit/8718907116312/gezouten-pinda-s-albert-heijn,https://images.openfoodfacts.org/images/products/871/890/711/6312/front_nl.7.400.jpg
8691707588070,Greta,Galleta Cracker con Oliva y Oregano,Biscuits and cakes,16.0,d,1757.0,3.7,7.4,1.7,11.1,3.2,0.1,http://world-fr.openfoodfacts.org/produit/8691707588070/galleta-cracker-con-oliva-y-oregano-greta,https://images.openfoodfacts.org/images/products/869/170/758/8070/front_es.3.400.jpg
3229820021027,Bjorg,p‚Äôtit nature complet NUTRI+,Biscuits and cakes,1.0,b,1750.0,20.0,0.8,0.45,7.6,7.6,0.0,http://world-fr.openfoodfacts.org/produit/3229820021027/p-tit-nature-complet-nutri-bjorg,https://images.openfoodfacts.org/images/products/322/982/002/1027/front_fr.216.400.jpg
4251680810663,Mymuesli,Crunchy Bites Raspberry Dark Choc,Biscuits and cakes,9.0,c,1803.0,17.0,5.2,0.43,9.8,8.1,0.0,http://world-fr.openfoodfacts.org/produit/4251680810663/crunchy-bites-raspberry-dark-choc-mymuesli,https://images.openfoodfacts.org/images/products/425/168/081/0663/front_de.15.400.jpg
4025700001962,"Milka,Mondelez",Chocolat Blanc,Chocolate products,27.0,e,2227.0,63.0,18.0,0.36,4.8,0.001,0.0,http://world-fr.openfoodfacts.org/produit/4025700001962/chocolat-blanc-milka,https://images.openfoodfacts.org/images/products/402/570/000/1962/front_fr.8.400.jpg
7614800321000,Kambly,Rocher aux Amandes,Biscuits and cakes,19.0,e,2248.0,39.0,12.0,0.15,12.0,5.2,29.0,http://world-fr.openfoodfacts.org/produit/7614800321000/rocher-aux-amandes-kambly,https://images.openfoodfacts.org/images/products/761/480/032/1000/front_fr.108.400.jpg
8690120060187,Torku,no:1 Hazelnut,Chocolate products,23.0,e,2171.0,40.2,9.8,0.5,9.7,3.6,20.9892045454545,http://world-fr.openfoodfacts.org/produit/8690120060187/no-1-hazelnut-torku,https://images.openfoodfacts.org/images/products/869/012/006/0187/front_en.6.400.jpg
5400113044857,Delhaize,Cake au beurre fourr√©,Biscuits and cakes,23.0,e,1547.0,31.0,10.9,0.9,4.5,0.6,1.875,http://world-fr.openfoodfacts.org/produit/5400113044857/cake-au-beurre-fourre-delhaize,https://images.openfoodfacts.org/images/products/540/011/304/4857/front_fr.14.400.jpg
3228857001453,Harrys,Harrys brioche tranch√©e bio sans additifs 400g,Pastries,0.0,b,1421.0,9.0,1.1,0.98,9.0,5.6,0.0519531249999972,http://world-fr.openfoodfacts.org/produit/3228857001453/harrys-brioche-tranchee-bio-sans-additifs-400g,https://images.openfoodfacts.org/images/products/322/885/700/1453/front_fr.2670.400.jpg
3770008009134,Funky Veggie,Coeur de boule - Coco Funkytella,unknown,7.0,c,1943.4,39.0,8.8999996185303,0.25,8.6999998092651,8.6999998092651,94.95,http://world-fr.openfoodfacts.org/produit/3770008009134/coeur-de-boule-coco-funkytella-funky-veggie,https://images.openfoodfacts.org/images/products/377/000/800/9134/front_fr.33.400.jpg
3260260200160,La trinitaine,Kouign amann pur beurre,Biscuits and cakes,22.0,e,2065.0,27.0,20.0,0.675,3.9,1.0,0.0,http://world-fr.openfoodfacts.org/produit/3260260200160/kouign-amann-pur-beurre-la-trinitaine,https://images.openfoodfacts.org/images/products/326/026/020/0160/front_fr.16.400.jpg
3245391055216,Grand Jury,G√©noises Orange,Biscuits and cakes,17.0,d,1610.0,52.0,6.0,0.15,3.0,2.0,11.0,http://world-fr.openfoodfacts.org/produit/3245391055216/genoises-orange-grand-jury,https://images.openfoodfacts.org/images/products/324/539/105/5216/front_fr.7.400.jpg
7622300692506,"Milka,Kraft Foods",Chocolat au lait du Pays Alpin,Chocolate products,25.0,e,2210.0,59.0,18.0,0.0,6.1,1.8,0.390625,http://world-fr.openfoodfacts.org/produit/7622300692506/chocolat-au-lait-du-pays-alpin-milka,https://images.openfoodfacts.org/images/products/762/230/069/2506/front_fr.32.400.jpg
4000358009119,Leupoldt,So√üenkuchen,Biscuits and cakes,3.0,c,1507.0,29.0,0.2,0.05,7.9,2.9,0.0,http://world-fr.openfoodfacts.org/produit/4000358009119/sossenkuchen-leupoldt,https://images.openfoodfacts.org/images/products/400/035/800/9119/front_de.7.400.jpg
3410280020495,Top budget,Souffl√© √† la cacahu√®te,Appetizers,19.0,e,2039.0,1.8,7.4,1.43,10.5,0.0,19.0,http://world-fr.openfoodfacts.org/produit/3410280020495/souffle-a-la-cacahuete-top-budget,https://images.openfoodfacts.org/images/products/341/028/002/0495/front_fr.5.400.jpg
3596710355877,Auchan,Chips all√©g√©es,Appetizers,1.0,b,1972.0,0.7,2.0,1.0,6.9,5.2,4.6875,http://world-fr.openfoodfacts.org/produit/3596710355877/chips-allegees-auchan,https://images.openfoodfacts.org/images/products/359/671/035/5877/front_fr.35.400.jpg
