code,brands,product_name,pnns_groups_2,energy-kj_100g,sugars_100g,saturated-fat_100g,salt_100g,proteins_100g,fiber_100g,fruit_vege_nut_100g,nutriscore_grade,fit_nutri_grade,opt_el_tri_50_grade,pes_el_tri_50_grade
7501030459620,Bimbo,Multigrano arandanos y sabor fresa,Biscuits and cakes,1940.0,29.4,4.41,0.411,5.88,5.88,15.0,d,c,c,d
3222476920348,Casino,Les gourmandises chocolat noir et fruits - Framboise et cranberries,Sweets,1958.0,60.0,13.0,0.02,3.3,4.6,23.0,e,e,d,d
4316268596466,"Clarkys, Netto MD",Tortilla Chips - Salted,One-dish meals,1979.0,0.8,2.0,0.9,6.6,4.0,0.0,b,b,d,d
5941768000183,Sweet & Safe,Stevia chocolate,Chocolate products,1741.1,14.4,20.2,0.3,11.3,10.2,0.0,d,d,c,c
8005190401455,Maina,Il Pandoro,Pastries,1695.0,18.0,12.0,0.65,8.4,1.6,0.0,e,e,c,e
9310988009294,Thins,Light & Tangy,Appetizers,2080.0,4.0,14.3,1.76022,6.1,2.6,0.0,e,e,d,e
7614800265229,Kambly,ECLATS DE NOISETTES - KAMBLY - 100g,Biscuits and cakes,2348.0,45.0,22.0,0.26,9.1,0.0,11.0,e,e,e,e
3560070510108,"Carrefour Bio, Carrefour",Biscuits Petit d√©jeuner C√©r√©ales P√©pites de Chocolat et Noisettes,Biscuits and cakes,2061.0,27.0,3.9,0.3,7.6,5.0,22.4333333333333,c,b,c,c
4007993016922,Oreo,Oreo,Ice cream,1409.0,28.1,13.8,0.3,2.7,0.7,0.0,e,e,d,e
3339740012309,BPA,P√¢t√© abricots individuel 160g,Biscuits and cakes,1117.0,23.0,5.8,0.5,3.9,1.8,42.3333333333333,d,d,d,d
8437007383270,daveiga,Galletas Mari√±eiras Lino,Appetizers,1833.0,2.3,1.7,1.4,12.0,4.9,9.0,c,b,c,c
3336971410027,"Vico,Intersnack",La Vicoise,Appetizers,2001.0,0.64,2.4,0.89,6.2,5.4,4.66666666666666,b,b,c,c
8431876242492,Carrefour,Galletas mini mar√≠a,Biscuits and cakes,1815.0,19.0,0.9,0.85,7.5,2.5,0.0,c,b,c,c
8431876278613,Carrefour,Barquillos rellenos crema almendra,Biscuits and cakes,2011.0,50.0,5.8,0.27,5.1,2.5,6.0,e,e,d,e
3560070996131,Carrefour,Biscuith√©,Biscuits and cakes,1927.0,26.0,6.5,0.7,7.4,3.0,0.0,d,d,c,d
3596710333844,Auchan,Madeleines longues,Biscuits and cakes,1969.0,28.0,2.2,0.61,5.0,0.5,21.3333333333333,d,d,d,d
7622201804305,"Terrabusi,Mondelez",Variedad,Biscuits and cakes,576.0,10.0,2.2,0.06,1.8,0.5,0.0,c,d,e,e
8480000125330,Hacendado,Choco fundir con leche,Chocolate products,2215.0,52.0,19.0,0.1,8.3,3.6,0.0,e,e,d,d
3178530413199,St Michel,Doonuts Napp√© Chocolat France,Biscuits and cakes,1861.0,31.0,4.4,0.39,5.6,1.0,22.0,d,d,d,d
4316268631914,Clarkys,Light Riffelchips gesalzen,One-dish meals,2022.0,0.5,1.8,1.5,7.0,5.0,0.0,c,b,c,d
4316268635660,Clarkys,Scharfe Knabber-N√ºsse mit Chili,Nuts,2514.0,4.4,7.0,0.7,26.0,9.4,95.2,b,a,a,a
3770009601368,Matatie,Moelleux p√©pites chocolat Bio sans allerg√®nes,Biscuits and cakes,497.0,8.0,1.3,0.14,0.8,1.2,0.0,b,c,e,e
8410376033649,Gull√≥n,Gullon Maria Doroda,Biscuits and cakes,1771.0,1.5,1.4,0.85,7.3,5.3,0.0,b,a,c,c
3250391371952,Netto,Petit Beurre Complet / Riche en fibres / au bl√© complet,Biscuits and cakes,1878.0,16.7,9.4,1.11,9.1,6.7,0.0,d,d,c,c
3560070936106,"Simpl,Carrefour",Biscuit tablette,Biscuits and cakes,2057.0,34.0,12.0,0.49,6.6,2.6,0.0,e,e,d,e
3564700582701,"√âpi d'Or,Marque Rep√®re, Epid'or",Petits pains grill√©s bl√© complet sans sucres ajout√©s,Bread,1644.0,2.8,0.6,1.4,12.0,6.3,7.2,b,a,c,c
4008355032611,Wicklein,Gl√ºckstaler Klassik - mit extra viel Butter,Biscuits and cakes,2185.0,24.7,18.3,0.25,6.9,2.5,0.0,e,e,d,e
3596710486984,Vendome,Les chocolats belges,Sweets,2171.0,48.0,17.0,0.16,6.2,3.6,3.3205047249794,e,e,d,d
7613331643094,coop,Crackers pomme √©peautre,Appetizers,1760.0,19.0,1.2,1.0,12.0,6.0,28.5,c,b,c,c
7891962036915,Bauducco,Wafer Chocolate con Avellana,Biscuits and cakes,626.0,13.0,3.6,0.15,1.6,0.9,3.125,c,d,e,e
4058400023088,Biscuiterie Charlotte,Marmor Butter Sterne,Biscuits and cakes,1939.0,28.5,15.0,0.85,6.8,2.0,0.0,e,e,d,e
7614800484040,Kambly,Orange intense 100g,Biscuits and cakes,2263.0,42.0,18.0,0.26,6.7,3.2,11.5,e,e,d,d
4056114005130,Sommer,Dinkelsticks Ger√∂steter Sesam,Biscuits and cakes,1685.0,2.1,0.9,0.95,12.0,6.5,0.0,a,a,c,c
8421691791534,Alipende,Palmeritas,Biscuits and cakes,2084.0,32.0,13.0,0.762,5.0,2.0,0.0,e,e,d,e
3168930008620,Lay's,Saveur Ch'ti sauce Pom'Frites,Appetizers,2204.0,1.8,2.7,1.3,6.1,4.2,10.25,c,b,d,d
8480000111715,Hacendado,"Caf√© molido, natural sabor fuerte",Sweets,1299.0,1.3,4.2,0.02,17.0,50.0,0.0,a,a,a,a
3325710007208,Sans marque,"4 Feuillet√©s Jambon Fromage, Surgel√©s",One-dish meals,296.0,3.4,9.2,1.2,6.4,2.3,0.0,d,e,d,d
640522149100,The Rawlicious Food Company,"Cookies Noix de Coco, Dattes et Noix de Cajou",Biscuits and cakes,2450.0,23.4,33.2,0.32,9.7,9.4,96.0,c,a,b,c
7622201098483,Milka,Bubbly Alpine Milk,Chocolate products,2230.0,57.0,18.0,0.36,6.3,1.9,0.0,e,e,e,e
3083681034974,Bonduelle,Coleslaw Sauce Douce,One-dish meals,559.0,5.0,0.9,0.9,1.0,2.0,86.5446555397727,a,a,b,c
3560070778546,Carrefour,Amandes gout fum√©,Nuts,2536.0,4.6,4.3,1.2,19.0,6.5,95.0,b,a,b,b
8809059294253,Ho San,Roasted Seaweed Snack,unknown,1254.0,0.0,0.0,0.23,50.0,1.0,62.5,a,a,b,b
7613312015490,Migros,Chips Sour Cream & Onion,Appetizers,2209.0,2.5,2.5,1.4,4.0,3.5,0.0225360576923066,d,c,d,d
8480000651433,Hacendado,Caramelos jengibre & pr√≥polis 0% az√∫cares,Sweets,995.0,0.0,0.2,0.0,0.0,96.0,0.0,a,b,a,b
5310005002899,vitaminka,Atlantis Original,Sweets,2374.0,45.0,16.0,0.49,8.0,1.0,12.0,e,e,e,e
4260718292968,Koro,Snack-Erbsen ungarische Paprika,Vegetables,1702.0,7.9,1.0,1.0,14.0,8.7,62.0,a,a,b,b
7640101691078,"Bischofberger,Zweifel",,Biscuits and cakes,1670.0,37.0,1.0,0.01,9.0,4.0,8.52272727272727,c,c,c,d
8003170042803,Conad,Cracker con riso soffiato,Appetizers,1779.0,2.2,0.9,1.5,10.0,2.5,0.0,c,b,c,d
9310179169547,Golden Circle,Strawberry squeeze,Fruits,265.0,13.7,0.1,0.0,0.5,1.8,99.9,a,a,a,c
8423102210153,Anitin,Snack de Pan con pipas,Bread,2177.0,1.3,2.8,2.3,11.4,3.4,0.0,d,c,c,d
3222473260546,"Casino D√©lices, Casino, D√©lices",Petits Plaisirs saveur Cappuccino au chocolat noir suisse,Biscuits and cakes,2189.0,49.0,18.0,0.28,7.3,3.3,3.125,e,e,d,d
8710624347789,Gwoon,Suikervrije softgums,Sweets,917.0,0.3,0.0,0.12,0.4,0.0,0.0,b,c,e,e
3775000099954,So'Nigiri,Wok - L√©gumes japonais et lait de coco,Appetizers,614.0,7.3,0.8,0.53,2.8,1.4,16.1666666666667,b,c,d,d
3083681010923,Bonduelle,Coleslaw √† la moutarde √† l'ancienne,One-dish meals,518.0,5.5,0.8,0.6,1.0,2.5,81.2505722045898,a,a,b,b
4010355476678,"dmBio,dm Bio",Dinkel Frischei Waffeln,unknown,2085.0,35.0,3.0,0.78,8.8,1.8,0.0,d,d,c,e
5410041182903,"REM,LU, Mondelez",D√©jeuner REM,Biscuits and cakes,1662.0,18.0,3.6,1.3,7.6,2.3,0.0,d,d,c,c
3596710459155,Auchan,Cream'loop enrob√©s de chocolat blanc,Biscuits and cakes,2228.0,48.0,17.0,0.5,5.0,2.0,0.0,e,e,e,e
7067104216914,Knusperone,"Date, hazelnut & cocoa bars",Chocolate products,1831.0,39.0,2.5,0.02,9.8,12.0,57.0,c,a,c,c
4311501495841,"Gut & G√ºnstig,Edeka",Haselnuss Riegel,Biscuits and cakes,1529.0,1.2,1.2,0.3,8.1,5.3,10.4,a,a,c,c
3760121212870,Biocoop,Tartine craquante sarrasin riz ma√Øs,unknown,1554.0,1.5,0.6,0.6,11.3,4.7,0.0,a,a,c,c
4018077712746,Lorenz,Naturals Meersalz & Pfeffer,One-dish meals,2189.0,2.1,2.4,2.0,5.9,3.4,0.0,d,c,d,d
4006182005105,Sommer,Dinkel Schoko-Split mit Zartbitterschokolade,Biscuits and cakes,1911.0,25.0,14.0,0.13,7.1,3.4,0.0,d,d,d,d
3564707083577,"Bio Village,Marque Rep√®re",Biscuits p√©pites de chocolat quinoa,Biscuits and cakes,1803.0,20.0,8.7,0.8,7.8,2.7,0.0,d,d,c,d
8480000335203,Hacendado,Tri√°ngulos de ma√≠z,Appetizers,2073.0,5.5,2.5,1.016,6.9,3.4,0.0,c,b,d,d
5060283760126,Proper Corn,Proper Corn - Sweet Coconut & Vanilla,unknown,2033.0,15.1,1.9,0.23,6.0,7.7,22.5694444444444,c,a,c,c
7622210484390,LU,Lulu La Barquette Fraise,Biscuits and cakes,1487.0,58.0,0.6,0.09,3.8,1.7,27.8,d,d,d,e
3560070302109,Carrefour,Mac√©doine de l√©gumes,Vegetables,159.0,1.1,0.1,0.7,2.1,3.4,96.875,a,a,a,b
3222472819363,Casino,Noir dessert cors√© 64% de cacao,Chocolate products,2187.0,36.0,22.0,0.02,9.1,10.0,0.0,d,e,c,c
5054781307884,Asda,Apple crumble,Biscuits and cakes,1010.0,21.0,4.2,0.01,2.4,1.6,35.0,c,d,d,d
7501011114579,Sabritas,Cheetos torciditos,Appetizers,2260.0,3.33,5.0,1.35,6.67,3.33,0.0,d,c,d,d
5902172001944,Kupiec,Wafle ry≈ºowe wieloziarniste,Cereals,1615.0,1.2,0.7,0.98,8.1,3.5,0.0,b,a,c,c
5013803001278,Eat Natural,Prosport - barre cacahu√®tes ü•úet caramel sal√©,Biscuits and cakes,931.0,8.9,2.3,0.2,11.7,2.4,66.0,a,a,c,c
7616500175716,Frey,,Sweets,2260.0,46.0,18.0,0.09,6.0,3.0,0.0,e,e,d,d
4122102,Auchan,Funny Ghost,Appetizers,405.0,1.2,0.6,0.36,0.9,0.5,0.0,b,c,e,e
7613039079126,"Nestl√©, Kitkat","KITKAT White barre au chocolat blanc, 8x41.5g",Biscuits and cakes,2154.0,48.8,14.5,0.3,8.3,0.7,0.0,e,e,e,e
4038507003398,Govinda,Mandel Magic,Sweets,1368.0,52.4,0.7,0.01,3.8,10.4,92.5,b,a,a,a
3083681062267,Bonduelle,Galettes Potiron Butternut Carottes,One-dish meals,395.0,4.3,1.3,0.7,3.4,3.0,82.1102083333333,a,a,b,b
4337185833038,K-Classic,Knusprige Salz Tortilla Chips,One-dish meals,2013.0,0.6,2.1,0.9,7.8,6.0,0.0,c,a,c,c
3250392793012,Planteur des tropiques,Chocolat,Chocolate products,210.0,4.9,1.1,0.08,1.5,1.0,0.0,b,c,e,e
3595890269011,Valda,Gomme go√ªt menthe eucalyptus,Sweets,814.0,0.0,0.2,0.0,0.0,44.7,0.045,a,b,a,b
3256225722181,U,Tartines craquantes au bl√© complet,unknown,1598.0,3.1,1.1,0.75,12.0,7.4,0.0,a,a,b,c
8690624104639,Lay's,Yoƒüurt ve Mevsim Ye≈üillikli Patates Cipsi,Appetizers,2241.0,2.9,4.8,1.3,6.2,3.8,0.0,d,c,d,d
3760020508012,"JARDIN BIO ETIC,Jardin bio",Tartines craquantes Sarrasin,unknown,1532.0,1.0,0.7,0.57,11.0,4.5,0.0,a,a,c,c
7610849454631,Coop,Qualit√© & Prix Chocolate au lait suisse,Chocolate products,2230.0,57.0,18.0,0.275,6.0,2.0,0.0,e,e,e,e
3513851557823,Regent's Park,Crumpets nature,unknown,818.0,4.0,0.1,1.5,6.0,2.6,0.0,c,c,d,d
3700311810646,Tous les jours,Chocolat noir tablette,Chocolate products,2152.0,46.0,17.0,0.03,7.5,8.8,0.0,e,e,c,c
3513851559162,Regent's Park,4 muffins citron & pavot,Bread,962.0,9.2,0.3,0.9,9.7,4.0,2.308828125,a,b,c,c
4044889004106,Vivani,Chocolat noir 100+,Chocolate products,2741.0,0.0,40.0,0.01,8.7,0.0,0.0,d,c,d,e
3279840002155,Brioches Fonteneau,Pain au lait pur beurre,Pastries,1499.0,15.0,7.9,1.1,8.8,2.8,1.7775,d,d,c,d
7616500913806,FREY,Noir Special 72 Chocolat extra noir,Chocolate products,2450.0,27.0,28.0,0.025,8.0,11.0,0.0,d,d,c,d
3336971806868,Vico,La Gourmande 30g,Appetizers,2172.0,2.9,3.1,1.2,6.8,4.4,0.0,c,b,d,d
8480000141606,Hacendado,Crocantes chocolate,Biscuits and cakes,2111.0,41.0,14.0,0.68,5.1,4.0,0.0,e,e,d,d
8718907601603,Albert Heijn,Witte choco framboos vlaai,Biscuits and cakes,1355.0,21.0,15.0,0.18,2.72,0.2,3.00772804054054,d,e,d,e
4002590703947,Pulmoll,Pastilles Eucalyptus Menthol sans sucre,Sweets,980.0,0.5,0.0,0.0,0.0,0.0,0.0,b,c,e,e
5010043000917,Soreen,Malt loaf,Biscuits and cakes,1321.0,20.7,0.8,0.5,9.5,4.8,14.1625,a,a,c,c
3350033225572,Monoprix,Assortiment de recettes libanaises avec sauce s√©same,unknown,990.0,2.2,2.8,1.3,8.0,4.9,27.37578125,b,a,c,c
5060490400037,"Made in Natural,Love Corn",Love Corn ma√Øs grill√© au sel de mer,unknown,1828.0,0.7,1.3,1.5,7.4,7.0,0.0,c,b,c,c
8886467103421,Pringles,Pringles Sour Cream and Onion,Appetizers,2170.0,2.2,13.2,1.7653,5.3,3.3,0.0,e,e,d,d
3596710340392,Auchan,Coleslaw,One-dish meals,457.0,5.5,0.6,0.8,1.0,2.0,76.0,b,a,b,b
7616700185638,"Migros,Jowa",Taillaule,Pastries,1346.0,10.0,5.0,0.85000002384186,8.0,3.0,0.0,c,c,c,c
3068230017929,sun,Mix N 1,Dried fruits,2575.0,5.4,5.7,0.02,23.0,7.7,100.0,a,a,a,a
8000500256152,"Kinder, Ferrero",Kinder schokobons bonbons de chocolat au lait fourres lait et noisettes sachet,Sweets,2401.0,52.2,21.2,0.28,8.3,0.0,0.0,e,e,e,e
3560070874125,Carrefour,Friture chocolat au lait pralin√©,Sweets,2261.0,52.0,17.0,0.14,7.9,2.7,10.3333333333333,e,e,e,e
4018077705892,"Vico,Intersnack",Crunchips au sel fin,Appetizers,2209.0,0.1,3.0,1.425,6.0,3.5,0.0,d,c,d,d
8718907005838,Albert Heijn,Winegums suikervrij,Sweets,895.0,0.4,0.2,0.1,0.1,0.0,0.0,b,c,e,e
7613036236034,"Nestl√©, Kit Kat, Kitkat",KITKAT Sachet d'oeufs 120g,Chocolate products,2253.0,53.0,18.0,0.45,9.4,1.6,0.0,e,e,e,e
3701299421039,Vitaline,Barre daily carotte,Biscuits and cakes,1642.0,10.6,2.0,0.3,13.3,10.3,72.8,a,a,b,b
3596710493395,"Auchan, Sant√©",Biscuit the vert saveur mandarine,Biscuits and cakes,1742.0,13.0,3.2,0.2,8.9,4.7,12.84375,b,a,c,c
7616500657892,Frey,Prestige Caramel ,Sweets,2340.0,55.0,23.0,0.22,4.5,1.5,2.0,e,e,e,e
3596710346981,"Auchan, Auchan Bio",Mac√©doine de l√©gumes,One-dish meals,152.0,1.2,0.1,0.67,3.5,3.0,66.6666666666667,a,a,b,b
8422410066612,Bonpreu,Patates camperoles,Appetizers,2165.0,1.3,3.2,1.1,8.4,5.6,0.0,c,b,c,c
3564700634981,"Tokapi,Marque Rep√®re",,Appetizers,1972.0,0.8,2.0,0.9,6.6,4.0,0.0,b,b,d,d
4063367198205,k favourites,Kessel Chips Sweet Chili Style,Appetizers,2045.0,2.8,2.0,13.0,6.2,4.0,0.2,d,c,d,d
8410564001313,Frit Ravich,Patatas fritas,Appetizers,2282.0,0.6,4.2,0.9,6.4,4.9,6.44125,c,b,c,c
7500463823602,"Pals snacks barra sabor cacahuate, Pals barra cacahuate, Pals cacahuate, Barra, Barrita",Pals barra crema de cacahuate,Biscuits and cakes,795.0,20.0,2.0,0.0,12.0,10.0,20.0,a,a,b,c
7610700901137,Ricola,Ricola Menthe Pomme,Sweets,990.0,0.0,0.0,0.0,0.0,0.0,0.4,b,c,e,e
3760020508371,"JARDIN BIO ETIC,Jardin bio",Tartines craquantes Multic√©r√©ales,unknown,1603.0,0.6,0.5,0.5,9.6,4.7,0.0,a,a,c,c
7613032201098,Nestl√©,BALATON¬Æ √ât,Biscuits and cakes,2104.0,42.1,13.7,0.19,5.2,2.4,0.0,e,e,e,e
3596710483709,"Auchan, Auchan Bio",biscuits avoine complete,Biscuits and cakes,1857.0,16.0,1.6,0.44,8.6,7.9,5.40516493055555,b,a,c,c
7610036012323,Villars,Chocolat lait Amandes & nougat,Chocolate products,2345.0,45.0,18.0,0.25,10.0,3.0,15.375,e,e,d,d
3596710364749,Auchan,Tortillas chips saveur chili,Appetizers,1979.0,4.0,2.0,1.3,6.6,4.0,0.138888888888886,c,b,d,d
5410081201220,C√¥te d'Or,l‚Äôoriginal lait,Chocolate products,2201.0,55.0,18.0,0.33,7.8,3.3,0.0,e,e,d,d
8003130142260,San Carlo,1936 Antica Ricetta,Appetizers,1998.0,0.6,2.1,1.1,7.0,5.5,0.0,c,a,c,c
4035900476200,Kinkartz,Waffel Eier,Biscuits and cakes,2185.0,31.1,16.9,0.18,4.8,5.2,0.0,d,e,d,d
3760286460246,Hoope,Biscuits Bio S√©same Spiruline,Biscuits and cakes,1922.0,15.0,2.0,0.13,10.6,6.3,18.1,a,a,c,c
3564700508527,"D√©lisse,Marque Rep√®re",Tiramisu speculoos,Dairy desserts,1111.0,24.0,4.5,0.3,4.4,1.5,0.175000000000001,d,d,d,d
3502790457714,"Goutez Craquez,Le Vieux Bistrot",P√©pites wasabi,Appetizers,1559.0,11.0,4.4,1.5,14.0,14.0,0.0,d,c,b,c
3350031664892,Monoprix,"Chips - √† l'ancienne, nature",Appetizers,2308.0,0.7,3.4,1.3,5.0,4.7,0.0,c,b,c,c
7501030424369,Bimbo,Barra Trigo Avena Con Nuez y Almendra Caja Display,Biscuits and cakes,744.0,7.0,3.0,0.06,3.0,2.0,12.0,b,c,d,d
6948939611178,ÁôæËçâÂë≥,ÁôæËçâÂë≥ÊäπËå∂Âë≥È∫ªËñØ,Biscuits and cakes,1656.0,0.0,0.0,0.4275,1.0,0.0,0.0,c,c,e,e
3596710387526,Auchan,Fines Gaufrettes framboise,Biscuits and cakes,1532.0,39.0,0.3,0.21,4.0,2.0,18.903515625,c,c,d,e
3770008383142,Protifast,Protifast barres Crousti' noisette,Biscuits and cakes,1495.0,2.5,7.9,0.8,34.2,28.0,9.71500000000001,c,c,a,b
3596710431557,Auchan,Galettes su√©doises aux flocons d'avoine,Biscuits and cakes,2061.0,41.0,12.0,0.85,5.1,2.9,1.375,e,e,e,e
8859402900058,Allright Kids,Organic Rice Cakes Mini,Appetizers,1674.0,0.0,0.0,0.0,7.0,7.0,0.0,a,a,b,c
3256227092886,U,Tranches de cake abricots secs et m√ºesli,Biscuits and cakes,1683.0,24.0,2.9,0.9,5.5,2.4,20.5,d,d,d,d
3760325480020,Omie,Chocolat au lait intense - 42%,Chocolate products,2369.0,39.0,24.0,0.27,9.30000019073486,3.59999990463257,0.0,e,e,d,d
3560071231781,Carrefour,Nature of nuts,Nuts,2217.0,18.0,3.7,0.01,21.0,11.0,100.0,a,a,a,a
4104420132382,Alnatura,Chocolat 64% Cacao,Chocolate products,2303.0,33.0,24.5,0.02,7.0,11.3,0.0,d,d,d,d
3270723001517,"Intermarch√©,Auchan",P√¢te d'amande tricolore (26%),Sweets,1789.0,66.3,1.0,0.01,5.3,0.0,26.0,d,d,d,e
3564700205402,"Tokapi,Marque Rep√®re",Triangles go√ªt ratatouille,Appetizers,1992.0,1.7,2.0,3.8,4.8,4.5,0.0,d,d,c,d
7610700015605,RICOLA SANS SUCRE,Eucalyptus,Artificially sweetened beverages,986.0,0.0,0.0,0.0,0.0,0.0,0.0,e,c,e,e
3250391658787,"Adelie,Les Cr√©ations",Craquant chocolat noisettes,Biscuits and cakes,1866.0,24.0,13.5,0.07,7.3,4.0,20.0,d,d,d,d
3258561011097,Belle France,Croustillants Go√ªt bacon,Appetizers,2038.0,2.6,1.9,1.6,6.4,3.0,0.0,d,c,d,d
3222473161942,"Casino D√©lices, Casino, D√©lices",Les d√©licieux sabl√©s aux pommes,Biscuits and cakes,2081.0,32.0,15.0,0.4,5.2,2.4,5.0,e,e,d,e
3760370200130,Papa Chiche,Chips BIO √† base de pois chiche - Paprika - 110g,Appetizers,1811.0,2.5,1.6,0.73,13.5,5.5,9.088125,a,a,b,c
4260249144408,"Erdb√§r, Erdb√§r, Freche Freunde, Erdb√§r","Fruchtriegel Birne, pflaume & brombeere",Biscuits and cakes,1539.0,26.0,1.1,0.04,6.6,6.9,8.33333333333333,b,b,c,d
8412170005983,Santiveri,Galletas Digestive S√©samo 0% az√∫cares,Biscuits and cakes,1764.0,0.5,1.9,0.1,8.6,8.0,0.0,a,a,b,c
20063399,Snack Day,Tortilla Chips Nature,Appetizers,1979.0,0.8,2.0,0.9,6.6,4.0,0.0,b,b,d,d
7617400034998,Cr√©a d'Or,Vanille-Kipferl Nr. 6,Biscuits and cakes,2238.0,23.0,10.0,0.16,5.0,2.8,24.8333333333333,d,d,d,d
35342710034,Bella Sun Luci,"Bella sun luci, premium california sun dried tomatoes halves",Vegetables,136.0,28.57,0.0,0.625,14.29,7.1,0.0,a,b,b,b
3596710061723,"Pouce,Auchan",Barres c√©r√©ali√®res Go√ªt Chocolat - banane,Biscuits and cakes,1710.0,30.0,5.4,0.28,5.8,3.4,6.0,d,d,d,d
3256223664087,U,Feuillet√©s ap√©ritif,Appetizers,1122.0,2.2,8.8,0.91,6.3,1.3,26.9,d,d,d,d
8410740006965,lacasa,Lacasitos Chocolate con Leche,Sweets,2033.0,69.0,12.0,0.18,6.0,1.6,0.0,e,e,e,e
3596710333011,"MMM!,Auchan, Auchan Gourmet, Terroir",15 Broy√©s du Poitou,Biscuits and cakes,2168.0,26.0,18.0,0.63,6.0,0.5,0.0,e,e,d,e
3564700463772,"Tablette d'Or,Marque Rep√®re",Chocolat noir cors√© p√¢tissier,Chocolate products,2351.0,37.0,25.0,0.0,7.0,9.0,0.0,e,d,d,d
3596710387533,"Rik & Rok,Auchan",Barquettes Abricot,Biscuits and cakes,1468.0,58.0,0.6,0.1,4.0,1.7,27.0,d,d,d,e
87311495,Frisk,Mints peppermint,Sweets,993.0,0.0,0.3,0.0,0.0,0.3,0.0,b,c,e,e
8431876209747,"Carrefour,Aperitivos Tapa",Torreznos,Meat,2644.0,0.0,15.9,3.0,46.3,0.0,0.0,e,e,e,e
3222473469260,"Casino Bio, Casino",Carottes r√¢p√©es bio,Vegetables,369.0,3.6,0.9,0.6,0.7,2.0,85.3225053894797,a,a,b,b
8006940004797,Caputo,LiberIGPistacchi tostati senza sale aggiunto,Nuts,2543.0,4.5,5.6,0.0,18.1,10.6,100.0,a,a,a,a
8431876293326,Carrefour,Cocktail edamame y soja,Appetizers,1768.0,3.0,1.8,1.6,39.0,20.5,0.0,a,b,a,b
8901719125478,Parle,Parle-G,Biscuits and cakes,1901.0,25.5,6.0,0.74,6.9,0.0,0.0,d,e,d,d
8431876063134,De nuestra tierra,Polvorones de Estepa,Biscuits and cakes,2144.0,30.0,9.0,0.1,7.9,0.8,12.1,e,e,d,d
7841503000738,Mazzei,Crackers,Biscuits and cakes,1651.0,7.0,1.0,1.9175,10.0,3.5,0.0,c,c,c,d
7622210638762,"Marabou,Mondelez","Marabou B√§r, granola & yoghurt",Chocolate products,2226.0,57.0,18.0,0.34,4.7,2.3,0.03,e,e,e,e
4751036540355,the beginnings,flap jack chocolate bar,Biscuits and cakes,2014.0,22.0,22.0,0.4,7.0,7.0,0.0,d,d,c,d
3168930007500,Lay's,D√©gustation Sel de mer d'Anglesey,Appetizers,1980.0,0.5,1.7,1.2,6.8,5.0,5.5,c,b,c,c
4260618523186,FRECHE FREUNDE,Roter Beerenmix Fruchtchips,unknown,1187.0,42.0,0.2,0.0,6.2,19.0,100.0,a,a,a,a
3373030000188,Les galettes de Belle Isle en Terre,Veritable Kouign Amann Breton,Biscuits and cakes,2065.0,27.0,20.0,0.68,3.9,1.0,0.0,e,e,d,e
3387390325768,"NESTL√â, CHOCAPIC",CHOCAPIC barres de c√©r√©ales,Biscuits and cakes,423.0,5.6,1.5,0.1,1.9,1.5,0.0,b,c,e,e
8000300375855,"Nestle,Motta",La Cremeria,Ice cream,847.0,22.0,4.7,0.1,2.3,0.2,0.0,c,e,e,e
3281780886450,Martinet,PORTION 2CAROTTE/2COLESLAW,One-dish meals,435.0,5.75,0.5,0.93,1.05,2.6,173.171875,a,a,b,c
5000159403436,Mars,Mars,Biscuits and cakes,1885.0,61.7,8.3,0.425,4.0,0.0,0.0,e,e,d,e
3370390001008,Saint Amour¬Æ,G√¢teau au fromage blanc,Dairy desserts,700.0,21.3,1.6,0.11,6.9,0.0,60.15625,b,a,c,c
7622210157201,Marabou,Tack,Chocolate products,2440.0,52.0,23.0,0.34,4.2,1.2,0.0,e,e,e,e
3560071231095,"Carrefour,Carrefour Bio",Cookies Maxi p√©pites chocolat,Biscuits and cakes,2136.0,32.0,11.0,0.75,6.6,5.1,0.0,e,e,d,d
5053990161249,Pringles,Smokey paprika and almonds,Appetizers,2160.0,3.6,2.7,1.3,4.5,3.1,0.439453125,c,c,d,d
3184830027295,"Saxo, Carrefour",Pistaches grill√©es sal√©es,Nuts,2470.0,5.9,6.0,0.88,26.0,6.5,100.0,b,a,b,b
8410376042887,Gull√≥n,Cuore di cereale. Biscotti di avena con frutti rossi,Biscuits and cakes,1826.0,26.0,2.3,0.53,8.0,8.0,1.45,c,b,c,c
3256220210348,U,Go√ªters Fourr√©s Parfum Vanille,Biscuits and cakes,1995.0,34.6,8.5,0.6,5.3,1.8,0.0,e,e,d,e
3254560028715,Auchan,Galettes Bretonnes pur beurre,Biscuits and cakes,2093.0,31.0,13.0,0.75,6.0,1.0,0.0,e,e,d,e
3421557401091,Grillon d'Or,Tartines Ki'Kroc,unknown,1511.0,5.0,0.7,0.575,13.5,5.3,0.0,a,a,b,c
5000328740102,Doritos,Tangy Cheese Tortilla Chips,Appetizers,2084.0,2.7,3.4,1.19,6.5,6.7,0.0,c,b,c,c
9351857000127,mindful foods,yummy beans,unknown,1350.0,1.71,2.57,0.21,11.7,11.1,0.0,a,a,b,c
7790580607210,Arcor,Chocolate con Leche,Chocolate products,2204.0,59.0,17.0,0.26,5.9,0.0,0.0,e,e,e,e
8001120929532,COOP,Ciocco biscotti,Biscuits and cakes,2063.0,36.0,14.0,0.58,6.5,4.7,0.0,e,e,d,d
3760111204243,Maison Alsacienne de Biscuiterie,Pain d'√âpices bonhomme √©charpe,Biscuits and cakes,1240.0,35.0,0.3,0.0,5.7,4.4,6.78214285714286,c,c,d,d
5012262010166,Mackie's of Scotland,Flamegrilled aberdeen angus Potato Chips,Appetizers,2120.0,2.7,2.6,1.4,7.0,2.7,0.0,d,b,d,d
7702011111623,"Bon Bon Bum,Colombina",Bon Bon Bum Watermelon/Sand√≠a,Sweets,1579.0,65.0,0.0,0.0,0.0,0.0,0.0,d,e,e,e
8410317225317,El Lobo,Turr√≥n de chocolate con almendras,Sweets,2317.0,50.0,15.0,0.3,8.6,8.4,20.0,e,e,c,c
8710398526724,LaysLay's,,unknown,2244.0,2.7,3.5,1.2,6.4,4.8,0.0,c,b,c,c
8480000335739,Hacendado,Garfitos,Appetizers,2072.0,1.5,2.9,2.6,6.0,1.4,0.0,d,d,d,e
5412514935306,Acapulco,6 Tortillas,Bread,1291.0,3.9,1.0,1.6,9.0,3.8,0.0,b,b,c,d
3596710387557,Auchan,Barquettes chocolat-noisettes,Biscuits and cakes,2036.0,47.0,2.9,0.34,6.5,2.6,22.5,d,d,d,e
3660140935500,Brossard,Brossard - lot2 mini brownie chocolat noisettes x8,Biscuits and cakes,1874.0,26.0,5.5,0.37,5.9,7.5,46.26,c,b,c,d
3660140936002,Brossard,Lt2 p'tit savane rigolo chocolat 150g,Biscuits and cakes,1715.0,0.0,2.4,0.5,5.0,4.6,22.525,b,a,c,c
8718906074125,Albert Heijn,Pure Chocolade 75%,Chocolate products,2240.0,21.0,25.0,0.0,9.5,15.0,0.0,d,d,c,c
3560070592975,Carrefour,Saveur cassis,Chocolate products,0.0,0.0,0.0,0.0,0.0,0.0,0.0,b,c,e,e
9319133335585,Carman's,Protein Cookies & Cream Bars,Biscuits and cakes,2000.0,17.3,0.3,0.6025,25.9,3.6,35.0,b,a,c,c
4088600213170,Village Bakery,Aldi ‚ÄúVillage Bakery‚Äù,Bread,983.0,3.9000000953674,0.5,0.79,9.3000001907349,3.4,0.0,a,a,c,c
7792684003745,Solitas,Ekin,Biscuits and cakes,2020.0,24.3,10.3,0.0917,6.0,2.67,0.0,e,e,d,e
8712996702234,Mitsuba,Wasabi Crackers Mitsuba,Appetizers,1796.0,3.9,3.2,1.5,6.8,0.9,0.0,d,c,d,d
4061458089173,"Knusperone, DE-VAU-GE, Aldi",M√ºsliriegel ohne Zuckerzusatz - Wei√üe Schoko,Biscuits and cakes,1529.0,1.5,4.8,0.4,5.9,4.3,0.0,b,b,d,d
8888077102092,Meiji,Meiji Hello Panda strawberry,Biscuits and cakes,2339.0,29.4,15.9,0.705,5.1,0.7,0.4,e,e,d,e
4056489459330,"El Tequito,Lidl",Blue Tortilla chips,Appetizers,1987.0,0.5,2.4,1.0,6.8,7.3,0.0,c,b,c,c
7613312026533,Bl√©vita,Bl√©vita Graines de Courge,Appetizers,1906.0,1.8,2.0,1.6,15.0,0.7,10.0,d,c,c,d
7610032043550,Hug,Waffel-K√∂rbli,Biscuits and cakes,2030.0,41.0,15.0,0.41,7.0,3.5,0.0,e,e,d,d
3258563020226,"Les D√©lices de Belle France,Belle France",Galettes bretonnes,Biscuits and cakes,2154.0,30.0,17.0,0.88,6.0,1.6,0.0,e,e,d,e
8410573102285,Vicente Vidal,Papas receta original,Appetizers,2264.0,0.5,3.8,1.25,6.9,76.0,0.0,c,b,c,c
8002590075941,misura,,Biscuits and cakes,1792.0,3.6,1.6,0.72,8.5,4.0,0.0,b,a,c,c
8411414011940,Florb√∫,"Florbu Waffers, Butterkeks",Biscuits and cakes,1909.0,2.5,11.0,0.07,4.3,3.0,0.0,d,d,d,d
8853282002178,Granovibes,BAR Mixed nuts,Biscuits and cakes,1941.0,10.71,0.0,0.0,14.29,10.71,45.0,a,a,b,b
3456300011760,Jardin bio,Tartines craquantes s√©same jardin bio,unknown,1579.0,8.3,0.3,0.53,17.0,6.1,0.0,a,a,b,b
3596710356447,"Auchan,L'oiseau,Auchan Production,Groupe Auchan",Coleslaw (400 g + 200 g Gratuits),One-dish meals,477.0,5.0,0.7,0.79,1.0,2.0,72.0,b,a,b,b
3560071012687,Carrefour,"Vitalit√© Cranberries, noix de cajou, noix de p√©can",Dried fruits,2155.0,36.0,4.9,0.02,9.1,7.2,117.75,b,a,b,c
750894603817,Yummies,Mix - semillas y frutas,Nuts,711.0,13.0,6.6,0.0,23.0,7.0,0.0,b,b,b,b
7622300725358,"C√¥te d'Or,Kraft Foods",Noix de coco - Chocolat noir 70%,Chocolate products,2290.0,29.5,30.0,0.01,6.2,9.4,5.46875,d,d,d,d
3254560706309,Auchan,Cigarettes gourmandes,Biscuits and cakes,2218.0,35.0,16.0,0.35,5.4,1.1,1.3671875,e,e,e,e
8431876281354,Carrefour,Patatas fritas sart√©n lisas sabor trufa,Appetizers,2199.0,1.4,3.5,1.02,5.8,4.0,0.0,c,b,d,d
3560071078263,Carrefour BIO,Biscuit Croustillant Bl√© Et Avoine,Biscuits and cakes,1965.0,34.0,9.7,0.85,6.5,3.0,0.0,e,e,d,d
3281780062700,Pierre Martinet,Mon coleslaw chou blanc et carottes,One-dish meals,454.0,6.7,0.6,1.0,0.9,2.4,93.703125,b,a,b,c
4088600004167,Snackrite,Prawn crackers,Appetizers,2279.0,6.2,2.5,2.0,2.6,1.1,0.0,d,e,d,d
7624841312578,"Coop,Karma",Karma coconut choco,Chocolate products,2390.0,30.0,26.0,0.03,3.2,11.0,11.5,d,e,d,d
7610700011867,Ricola,Activ'air,Sweets,986.0,0.0,0.0,0.04,0.0,0.0,0.2,b,c,e,e
3222477006065,Casino,Tuiles gout paprika,Appetizers,2067.0,5.7,2.0,1.3,4.2,4.7,0.103993055555554,c,c,c,c
3560070814916,"Carrefour,CMI (Carrefour Marchandises Internationales),Groupe Carrefour",Taboul√© au tartare de tomate ,One-dish meals,569.0,3.9,0.7,0.65,3.3,2.1,52.7107189542484,a,a,d,d
8412438000071,D. Sancho Melero,Torta polvoron,Sweets,2035.0,21.0,8.1,0.04,6.3,1.8,0.0,d,d,d,d
7613035366749,"Nestl√©, Kitkat, Kit kat",Kit Kat x10,Biscuits and cakes,2151.0,45.7,15.0,0.14,7.8,2.5,0.0,e,e,e,e
3266191016665,La Vie Claire,P√¢te 100% fruits abricot,Fruits,1200.0,53.4,0.02,0.0299999999999999,3.4,7.3,100.0,b,a,b,b
7501000164370,Barcel,Takis Temptation,Appetizers,2100.0,1.7999999523163,4.1999998092651,7.88999975,6.3000001907349,3.0,0.0,d,d,d,d
3596710088447,Auchan,Pain sp√©cial brioch√© pour foie gras,Pastries,1319.0,11.0,0.9,1.1,8.3,2.8,0.0,b,b,c,c
3083681008647,Bonduelle,Coleslaw √† la moutarde √† l'ancienne,One-dish meals,518.0,5.5,0.8,0.6,1.0,2.5,80.7511487688337,a,a,b,b
5287001573039,NutriBite,NutriBite Pistachio Cranberries Bar,Biscuits and cakes,1320.0,14.2,2.75,0.0187,9.0,4.25,14.2857142857143,a,a,c,c
9000159161400,"Kelly Kelly‚Äòs,, Soletti",Salzstangerl,unknown,1601.0,0.7,0.3,1.4,3.6,1.3,0.0,c,c,d,d
8002831113210,Mediterranean Food Solutions,Beignets de Fleur de Courgette,One-dish meals,1146.0,2.5,2.0,0.8,3.8,2.0,0.0,b,c,d,d
3185610983312,Boehli,Bo√Æte collector avec tubo sticks/bretzels - printemps,Appetizers,1617.0,2.0,0.4,3.0,11.0,3.8,0.0,c,c,c,d
7501000167456,Barcel,Golden Nuts,Nuts,2520.0,0.0,7.5,1.97,27.5,10.0,34.3333333333333,d,c,a,d
8710398015396,Smiths,Bugles nacho cheese,Appetizers,2253.0,5.1,3.8,2.2,6.4,2.2,5.75,d,d,d,e
2006050107278,isaura,Chocolat dessert Lait,Chocolate products,2306.0,51.0,20.0,0.23,7.0,3.5,0.0,e,e,d,d
3336971610014,"Vico,Intersnack,Monster Munch",Monster Munch Sal√© 80G,Appetizers,2021.0,5.7,2.8,2.0,4.4,2.4,0.0,d,d,d,d
7613269184560,"Migros,M-Budget",D√©lices au fromage,unknown,831.0,3.5,2.0,1.3,6.0,1.0,0.0,c,c,d,d
2048348703007,Griesson,soft cake Kirsche,Biscuits and cakes,1607.0,52.0,6.0,0.18,3.0,2.0,10.0,d,e,d,e
7622201432126,Lacta,My Lacta Peanut n Cereal,Chocolate products,2251.0,51.0,15.0,0.0,9.1,2.7,0.0,e,e,e,e
8431876280227,Carrefour,Patatas fritas lisas,Appetizers,2289.0,0.5,3.6,0.92,6.8,3.5,0.0,c,b,d,d
3770010956525,GreenLeaf,What the Hemp !,unknown,1886.0,13.0,3.4,0.06,14.0,7.0,17.0,b,a,b,b
8410564004437,Frit Ravich,Chips PREMIUM sabor queso curado y trufa negra,Appetizers,2157.0,1.4,3.2,1.3,6.5,5.2,0.0,c,b,c,c
7622210826053,"Milka,Oreo",Milka Oreo Sandwandwich,Chocolate products,2168.0,50.0,16.0,0.51,5.7,2.1,0.0,e,e,e,e
9310072004051,ARNOTTS,"Vita Weat 100% natural, original",Appetizers,390.0,1.6,1.1,1.186974789916,11.4,11.6,0.0,a,b,b,c
5705830002105,REMA 1000,Tex Mex Tortilla Chips med Salt,Appetizers,1972.0,0.8,8.6,0.9,6.6,4.0,0.0,d,c,d,d
4014400925784,Storck,Smile gummi Happies,Sweets,1413.0,52.1,0.1,0.1,6.5,0.0,0.0,d,d,d,e
8480000143068,HACENDADO,Caocream,Biscuits and cakes,1951.0,37.0,5.5,1.1,4.5,2.7,0.0,e,e,d,e
8480000657329,Hacendado,Surtido de chocolate,Sweets,2318.0,53.0,20.0,0.19,7.5,1.8,0.0,e,e,e,e
5060102622147,Hartridges British Drinks Co.,Blackcurrant Flavour Cordial,Sweets,69.0,2.5,0.0,0.3,0.1,0.0,0.0,b,c,e,e
3250390506980,Bouton d'or,Biscuits ap√©ritif saveur paprika,Appetizers,2058.0,6.3,2.0,1.25,4.0,4.9,1.50416666666667,c,c,c,c
4316268545549,American Style,American Style Popcorn,unknown,1742.0,51.8,1.2,0.0,4.5,7.1,0.0,c,d,c,d
3175681226111,Gerbl√©,Gerbl√© sans sucres g√©noise chocolat saveur framboise,Biscuits and cakes,1214.0,0.0,3.4,0.25,4.3,5.6,0.0,b,b,c,c
3083680603119,Bonduelle,Coleslaw √† la moutarde √† l'ancienne,One-dish meals,518.0,5.5,0.8,0.6,1.0,2.5,80.7511487688337,b,a,b,b
7622210234032,C√¥te d'Or,Chokotoff - Caramel enrob√© de chocolat noir,Chocolate products,1935.0,51.0,12.0,0.28,2.3,3.0,0.0,e,e,e,e
3596710422401,Auchan,Les Aides P√¢tissi√®res ‚Äì P√¢te d'amande,Sweets,1758.0,72.4,1.1,0.06,3.6,2.0,50.3125,d,d,d,d
8011515951871,Colfiorito,Colfiorito Snack Pronto Da Mangiare,unknown,2007.0,20.0,2.0,0.0,15.0,10.0,70.0,a,a,b,b
4000417660619,Ritter Sport,Goldschatz Schokolade,Chocolate products,2383.0,45.0,24.0,0.16,7.4,0.1,0.0,e,e,e,e
6002908000483,Bakali,Popped Chips Lentil,unknown,1778.0,3.1,1.5,0.384,10.0,4.3,12.6302083333333,a,a,c,c
7622210204424,LU,Principe crema de chocolate,Biscuits and cakes,1969.0,32.0,5.6,0.49,6.2,3.1,8.625,d,d,d,d
5060293441398,Body Me,BodyMe Organic Vegan Protein Bar Cacao Orange,Biscuits and cakes,1785.0,26.1,6.2,0.57,26.8,5.4,57.2851851851852,d,b,c,c
8431876249880,De nuestra tierra,Figuritas de mazapan,Biscuits and cakes,2064.0,51.0,2.0,0.0,9.3,6.7,50.0,d,b,c,c
3187670011417,Leclerc,Beignet pomme,unknown,1306.0,12.0,1.2,0.7,6.1,12.7,15.4490234375,b,b,b,b
4260462982115,3 Bears,Pocket porridge,Biscuits and cakes,1632.0,19.0,1.4,0.01,6.5,13.0,0.0,b,b,c,c
4088600486895,Snackrite,Pretzal pieces jalape√±o flavour,Appetizers,1898.0,6.2,1.6,2.7,6.5,2.1,0.0,d,d,d,e
7613312085578,Migros,Meringue de la Gruy√®re,Biscuits and cakes,1683.0,94.0,0.0,0.0,5.0,0.0,0.0,d,d,d,e
4061464093317,Asia Green Garden,Wasabi-nori-chips,Appetizers,2173.0,2.5,2.4,1.2,6.4,4.1,0.0,c,b,d,d
3045140105557,Milka,Au Lait du Pays Alpin (lot de 3),Chocolate products,2220.0,58.0,17.5,0.43,6.4,1.8,0.694444444444443,e,e,e,e
7501011176461,Sunbites,Sunbites Palomitas sabor Cheddar Blanco,Salty and fatty products,1690.0,3.33,1.67,1.19,10.0,13.3,0.0,c,a,c,c
3178530422757,Bonne maman,Tendre c≈ìur chocolat,Biscuits and cakes,1739.0,31.0,15.0,0.85,5.6,2.5,0.0,e,e,d,e
3229820797311,Bjorg,Gaufrettes aux l√©gumes betterave oignon,unknown,1668.0,14.0,0.7,0.9,12.0,5.7,15.6,b,b,c,c
3300081001208,Les Craquelins de Saint Malo,Craquelins natures recette originale x 20,Biscuits and cakes,1618.0,2.1,1.08,0.25,15.5,4.9,0.0,a,a,b,c
3259426022319,Ker Cad√©lac,Mini cake framboise,Biscuits and cakes,1367.0,1.5,1.7,0.86,4.5,1.1,24.46875,c,b,d,d
3564700011300,"Pom lisse,Pom'Lisse,Marque Rep√®re",Chips √† l'ancienne Nature,Appetizers,2312.0,0.5,3.0,1.1,5.9,5.5,0.0,c,b,c,c
3256229522008,U,Snacks popp√©s aux l√©gumineuses saveur fromage poivre fum√©,Appetizers,1770.0,1.5,1.7,0.49,9.9,8.7,12.18,a,a,b,c
4058172458774,"dm Bio,dmBio",Protein Knabbermix,unknown,1888.0,8.0,4.0,3.2,38.0,15.0,28.0,d,c,b,b
2006050046669,drizz,Chips saveur paprika,Appetizers,2149.0,3.5,2.4,1.4,6.1,4.2,0.0,c,b,d,d
3560070744831,"Carrefour,Carrefour Bio",Biscuits Epeautre et S√©same,Biscuits and cakes,2051.0,22.0,4.3,0.46,9.4,4.5,0.64875,d,c,c,c
3256224375548,U,Cookies Premium Maxi P√©pites de Chocolats,Biscuits and cakes,2068.0,37.0,8.9,1.1,5.2,3.2,8.41666666666667,e,e,d,d
4056489455929,Lidl,Kichererbsen Chips,Appetizers,1811.0,5.8,0.9,1.9,13.0,4.8,0.02288818359375,c,b,c,c
5706779063547,Earth Control,Sweet & Salty,Dried fruits,1990.0,35.0,4.1,0.4,14.0,6.2,93.0,b,a,b,b
7790380008286,Georgalos,,Biscuits and cakes,1030.0,0.0,1.43,0.226,1.9,18.1,0.0,a,b,b,b
8710482533782,Bolletje,Noten & Granen Repen Amandel & Havermout,Biscuits and cakes,1741.0,8.5,4.2,0.03,11.0,24.0,24.0,b,a,c,c
8000380153619,Loacker,Classic fondente 75g,Biscuits and cakes,2091.0,25.0,21.0,0.35,8.2,0.0,0.0,e,e,d,e
27036594,MILLVILLE,,Biscuits and cakes,1642.0,11.0,1.3,0.05,8.1,25.0,3.9,a,a,b,c
8595229922261,Emco,Su≈°enky bez cukru jablko,Biscuits and cakes,1813.0,11.0,4.3,0.05,8.0,10.0,7.0,c,b,c,c
7622210995025,C√¥te d'Or,Bloc lait amandes caram√©lis√©es pointe de sel,Chocolate products,2213.0,51.0,14.0,0.78,8.9,4.4,15.0,e,e,d,d
9300650001503,belVita,Breakfast Biscuits - Cranberry,Biscuits and cakes,1600.0,19.7,1.4,0.76708,8.0,6.4,7.5,c,b,c,c
3770001404158,Biscru,The original - Petits crackers sans cuisson Pomme & Datte,Appetizers,1351.0,15.38,1.62,0.0,8.76,6.92,52.0,a,a,c,c
7790580130664,"Arcor,Arcor Helados",Cucurucho Crema Americana & Chocolate,Ice cream,1041.0,25.0,8.6,0.1375,4.2,1.1,0.0,d,e,d,d
7610700947388,Ricola,,Sweets,990.0,0.0,0.0,0.0,0.0,0.0,0.0,b,c,e,e
8718907116312,Albert Heijn,Gezouten Pinda‚Äôs,Nuts,2565.0,5.5,8.0,0.68,25.0,0.0,96.0,c,a,b,b
8691707588070,Greta,Galleta Cracker con Oliva y Oregano,Biscuits and cakes,1757.0,3.7,7.4,1.7,11.1,3.2,0.1,d,d,d,d
3229820021027,Bjorg,p‚Äôtit nature complet NUTRI+,Biscuits and cakes,1750.0,20.0,0.8,0.45,7.6,7.6,0.0,b,b,c,c
4251680810663,Mymuesli,Crunchy Bites Raspberry Dark Choc,Biscuits and cakes,1803.0,17.0,5.2,0.43,9.8,8.1,0.0,c,b,c,c
4025700001962,"Milka,Mondelez",Chocolat Blanc,Chocolate products,2227.0,63.0,18.0,0.36,4.8,0.001,0.0,e,e,e,e
7614800321000,Kambly,Rocher aux Amandes,Biscuits and cakes,2248.0,39.0,12.0,0.15,12.0,5.2,29.0,e,d,c,c
8690120060187,Torku,no:1 Hazelnut,Chocolate products,2171.0,40.2,9.8,0.5,9.7,3.6,20.9892045454545,e,e,d,d
5400113044857,Delhaize,Cake au beurre fourr√©,Biscuits and cakes,1547.0,31.0,10.9,0.9,4.5,0.6,1.875,e,e,d,e
3228857001453,Harrys,Harrys brioche tranch√©e bio sans additifs 400g,Pastries,1421.0,9.0,1.1,0.98,9.0,5.6,0.0519531249999972,b,b,c,c
3770008009134,Funky Veggie,Coeur de boule - Coco Funkytella,unknown,1943.4,39.0,8.8999996185303,0.25,8.6999998092651,8.6999998092651,94.95,c,b,b,c
3260260200160,La trinitaine,Kouign amann pur beurre,Biscuits and cakes,2065.0,27.0,20.0,0.675,3.9,1.0,0.0,e,e,d,e
3245391055216,Grand Jury,G√©noises Orange,Biscuits and cakes,1610.0,52.0,6.0,0.15,3.0,2.0,11.0,d,e,d,e
7622300692506,"Milka,Kraft Foods",Chocolat au lait du Pays Alpin,Chocolate products,2210.0,59.0,18.0,0.0,6.1,1.8,0.390625,e,e,e,e
4000358009119,Leupoldt,So√üenkuchen,Biscuits and cakes,1507.0,29.0,0.2,0.05,7.9,2.9,0.0,c,b,c,d
3410280020495,Top budget,Souffl√© √† la cacahu√®te,Appetizers,2039.0,1.8,7.4,1.43,10.5,0.0,19.0,e,d,d,d
3596710355877,Auchan,Chips all√©g√©es,Appetizers,1972.0,0.7,2.0,1.0,6.9,5.2,4.6875,b,b,c,c
